sale_date,sku_id,store_id,demand,lag_1,day_of_week,is_weekend,month,discount_percent,success_rate,propensity_score,date_added
2025-08-10,SKU0001,STORE06,7.69,6.0,6.0,1.0,8.0,0.0,0.0,0.6837265969864513,2025-08-26 14:22:35.747650
2025-08-11,SKU0001,STORE06,6.91,7.6907057219161565,0.0,0.0,8.0,0.0,0.0,0.6837265969864513,2025-08-26 14:22:35.747650
2025-08-12,SKU0001,STORE06,6.14,6.913891521754996,1.0,0.0,8.0,0.0,0.0,0.6837265969864513,2025-08-26 14:22:35.747650
2025-08-13,SKU0001,STORE06,6.32,6.137812899656422,2.0,0.0,8.0,0.0,0.0,0.6837265969864513,2025-08-26 14:22:35.747650
2025-08-14,SKU0001,STORE06,6.34,6.319062102328608,3.0,0.0,8.0,0.0,0.0,0.6837265969864513,2025-08-26 14:22:35.747650
2025-08-15,SKU0001,STORE06,7.15,6.336464756850729,4.0,0.0,8.0,0.0,0.0,0.6837265969864513,2025-08-26 14:22:35.747650
2025-08-16,SKU0001,STORE06,7.96,7.147803867768998,5.0,1.0,8.0,0.0,0.0,0.6837265969864513,2025-08-26 14:22:35.747650
2025-08-10,SKU0002,STORE03,5.66,4.0,6.0,1.0,8.0,0.0,0.0,0.3154772039174804,2025-08-26 14:22:35.747650
2025-08-11,SKU0002,STORE03,7.64,5.65530350884219,0.0,0.0,8.0,0.0,0.0,0.3154772039174804,2025-08-26 14:22:35.747650
2025-08-12,SKU0002,STORE03,7.46,7.639393112168294,1.0,0.0,8.0,0.0,0.0,0.3154772039174804,2025-08-26 14:22:35.747650
2025-08-13,SKU0002,STORE03,6.62,7.45519680104183,2.0,0.0,8.0,0.0,0.0,0.3154772039174804,2025-08-26 14:22:35.747650
2025-08-14,SKU0002,STORE03,6.72,6.623377580972212,3.0,0.0,8.0,0.0,0.0,0.3154772039174804,2025-08-26 14:22:35.747650
2025-08-15,SKU0002,STORE03,7.75,6.724922910397821,4.0,0.0,8.0,0.0,0.0,0.3154772039174804,2025-08-26 14:22:35.747650
2025-08-16,SKU0002,STORE03,7.84,7.748420942083457,5.0,1.0,8.0,0.0,0.0,0.3154772039174804,2025-08-26 14:22:35.747650
2025-08-10,SKU0003,STORE10,6.08,4.0,6.0,1.0,8.0,0.0,0.0,0.5671475035615591,2025-08-26 14:22:35.747650
2025-08-11,SKU0003,STORE10,7.7,6.0827629614311,0.0,0.0,8.0,0.0,0.0,0.5671475035615591,2025-08-26 14:22:35.747650
2025-08-12,SKU0003,STORE10,7.44,7.701327010654316,1.0,0.0,8.0,0.0,0.0,0.5671475035615591,2025-08-26 14:22:35.747650
2025-08-13,SKU0003,STORE10,6.39,7.439977426067778,2.0,0.0,8.0,0.0,0.0,0.5671475035615591,2025-08-26 14:22:35.747650
2025-08-14,SKU0003,STORE10,6.52,6.385800884358944,3.0,0.0,8.0,0.0,0.0,0.5671475035615591,2025-08-26 14:22:35.747650
2025-08-15,SKU0003,STORE10,7.59,6.516683837877399,4.0,0.0,8.0,0.0,0.0,0.5671475035615591,2025-08-26 14:22:35.747650
2025-08-16,SKU0003,STORE10,7.65,7.589586583955036,5.0,1.0,8.0,0.0,0.0,0.5671475035615591,2025-08-26 14:22:35.747650
2025-08-10,SKU0004,STORE06,6.47,6.0,6.0,1.0,8.0,0.0,0.0,0.1171289063441329,2025-08-26 14:22:35.747650
2025-08-11,SKU0004,STORE06,6.97,6.470283253304202,0.0,0.0,8.0,0.0,0.0,0.1171289063441329,2025-08-26 14:22:35.747650
2025-08-12,SKU0004,STORE06,5.94,6.965781645230564,1.0,0.0,8.0,0.0,0.0,0.1171289063441329,2025-08-26 14:22:35.747650
2025-08-13,SKU0004,STORE06,6.25,5.937964023661451,2.0,0.0,8.0,0.0,0.0,0.1171289063441329,2025-08-26 14:22:35.747650
2025-08-14,SKU0004,STORE06,6.27,6.250247778326109,3.0,0.0,8.0,0.0,0.0,0.1171289063441329,2025-08-26 14:22:35.747650
2025-08-15,SKU0004,STORE06,6.68,6.271663152457615,4.0,0.0,8.0,0.0,0.0,0.1171289063441329,2025-08-26 14:22:35.747650
2025-08-16,SKU0004,STORE06,7.25,6.678298405995795,5.0,1.0,8.0,0.0,0.0,0.1171289063441329,2025-08-26 14:22:35.747650
2025-08-10,SKU0005,STORE04,8.35,3.0,6.0,1.0,8.0,0.0,0.0,0.3757556892989245,2025-08-26 14:22:35.747650
2025-08-11,SKU0005,STORE04,7.19,8.345008862735998,0.0,0.0,8.0,0.0,0.0,0.3757556892989245,2025-08-26 14:22:35.747650
2025-08-12,SKU0005,STORE04,6.52,7.193393195727082,1.0,0.0,8.0,0.0,0.0,0.3757556892989245,2025-08-26 14:22:35.747650
2025-08-13,SKU0005,STORE04,6.41,6.521696183461281,2.0,0.0,8.0,0.0,0.0,0.3757556892989245,2025-08-26 14:22:35.747650
2025-08-14,SKU0005,STORE04,6.52,6.409504364961856,3.0,0.0,8.0,0.0,0.0,0.3757556892989245,2025-08-26 14:22:35.747650
2025-08-15,SKU0005,STORE04,7.5,6.523913332849621,4.0,0.0,8.0,0.0,0.0,0.3757556892989245,2025-08-26 14:22:35.747650
2025-08-16,SKU0005,STORE04,7.8,7.4982074092107815,5.0,1.0,8.0,0.0,0.0,0.3757556892989245,2025-08-26 14:22:35.747650
2025-08-10,SKU0006,STORE08,7.23,8.0,6.0,1.0,8.0,0.0,0.0,0.5027865276622429,2025-08-26 14:22:35.747650
2025-08-11,SKU0006,STORE08,6.69,7.225276996453327,0.0,0.0,8.0,0.0,0.0,0.5027865276622429,2025-08-26 14:22:35.747650
2025-08-12,SKU0006,STORE08,6.51,6.686438124854323,1.0,0.0,8.0,0.0,0.0,0.5027865276622429,2025-08-26 14:22:35.747650
2025-08-13,SKU0006,STORE08,6.77,6.507058340455709,2.0,0.0,8.0,0.0,0.0,0.5027865276622429,2025-08-26 14:22:35.747650
2025-08-14,SKU0006,STORE08,6.88,6.767745212790643,3.0,0.0,8.0,0.0,0.0,0.5027865276622429,2025-08-26 14:22:35.747650
2025-08-15,SKU0006,STORE08,7.86,6.882074745251187,4.0,0.0,8.0,0.0,0.0,0.5027865276622429,2025-08-26 14:22:35.747650
2025-08-16,SKU0006,STORE08,7.97,7.856448257039569,5.0,1.0,8.0,0.0,0.0,0.5027865276622429,2025-08-26 14:22:35.747650
2025-08-10,SKU0007,STORE08,6.81,2.0,6.0,1.0,8.0,0.0,0.0,0.4248454707897729,2025-08-26 14:22:35.747650
2025-08-11,SKU0007,STORE08,6.85,6.805836521870288,0.0,0.0,8.0,0.0,0.0,0.4248454707897729,2025-08-26 14:22:35.747650
2025-08-12,SKU0007,STORE08,6.61,6.854284462424873,1.0,0.0,8.0,0.0,0.0,0.4248454707897729,2025-08-26 14:22:35.747650
2025-08-13,SKU0007,STORE08,6.58,6.60659592004021,2.0,0.0,8.0,0.0,0.0,0.4248454707897729,2025-08-26 14:22:35.747650
2025-08-14,SKU0007,STORE08,6.69,6.576264447941721,3.0,0.0,8.0,0.0,0.0,0.4248454707897729,2025-08-26 14:22:35.747650
2025-08-15,SKU0007,STORE08,7.66,6.690593980402265,4.0,0.0,8.0,0.0,0.0,0.4248454707897729,2025-08-26 14:22:35.747650
2025-08-16,SKU0007,STORE08,7.75,7.664967492190646,5.0,1.0,8.0,0.0,0.0,0.4248454707897729,2025-08-26 14:22:35.747650
2025-08-10,SKU0008,STORE05,6.61,9.0,6.0,1.0,8.0,0.0,0.0,0.2084634280111304,2025-08-26 14:22:35.747650
2025-08-11,SKU0008,STORE05,6.99,6.611910043395872,0.0,0.0,8.0,0.0,0.0,0.2084634280111304,2025-08-26 14:22:35.747650
2025-08-12,SKU0008,STORE05,6.55,6.985378517640521,1.0,0.0,8.0,0.0,0.0,0.2084634280111304,2025-08-26 14:22:35.747650
2025-08-13,SKU0008,STORE05,6.63,6.552752899266432,2.0,0.0,8.0,0.0,0.0,0.2084634280111304,2025-08-26 14:22:35.747650
2025-08-14,SKU0008,STORE05,6.82,6.634022645954625,3.0,0.0,8.0,0.0,0.0,0.2084634280111304,2025-08-26 14:22:35.747650
2025-08-15,SKU0008,STORE05,7.79,6.817474370611846,4.0,0.0,8.0,0.0,0.0,0.2084634280111304,2025-08-26 14:22:35.747650
2025-08-16,SKU0008,STORE05,7.78,7.791847882400227,5.0,1.0,8.0,0.0,0.0,0.2084634280111304,2025-08-26 14:22:35.747650
2025-08-10,SKU0009,STORE01,5.65,10.0,6.0,1.0,8.0,0.0,0.0,0.6171442065067114,2025-08-26 14:22:35.747650
2025-08-11,SKU0009,STORE01,7.91,5.653430679358092,0.0,0.0,8.0,0.0,0.0,0.6171442065067114,2025-08-26 14:22:35.747650
2025-08-12,SKU0009,STORE01,7.73,7.909226169699294,1.0,0.0,8.0,0.0,0.0,0.6171442065067114,2025-08-26 14:22:35.747650
2025-08-13,SKU0009,STORE01,7.51,7.732587985534317,2.0,0.0,8.0,0.0,0.0,0.6171442065067114,2025-08-26 14:22:35.747650
2025-08-14,SKU0009,STORE01,6.45,7.511280545455576,3.0,0.0,8.0,0.0,0.0,0.6171442065067114,2025-08-26 14:22:35.747650
2025-08-15,SKU0009,STORE01,7.54,6.446611114912136,4.0,0.0,8.0,0.0,0.0,0.6171442065067114,2025-08-26 14:22:35.747650
2025-08-16,SKU0009,STORE01,7.67,7.538757487477835,5.0,1.0,8.0,0.0,0.0,0.6171442065067114,2025-08-26 14:22:35.747650
2025-08-10,SKU0010,STORE04,6.74,9.0,6.0,1.0,8.0,0.0,0.0,0.3610762528115124,2025-08-26 14:22:35.747650
2025-08-11,SKU0010,STORE04,7.01,6.739872968266158,0.0,0.0,8.0,0.0,0.0,0.3610762528115124,2025-08-26 14:22:35.747650
2025-08-12,SKU0010,STORE04,6.79,7.010969750754152,1.0,0.0,8.0,0.0,0.0,0.3610762528115124,2025-08-26 14:22:35.747650
2025-08-13,SKU0010,STORE04,6.83,6.792284389280041,2.0,0.0,8.0,0.0,0.0,0.3610762528115124,2025-08-26 14:22:35.747650
2025-08-14,SKU0010,STORE04,6.75,6.826658446034583,3.0,0.0,8.0,0.0,0.0,0.3610762528115124,2025-08-26 14:22:35.747650
2025-08-15,SKU0010,STORE04,7.73,6.752847257157116,4.0,0.0,8.0,0.0,0.0,0.3610762528115124,2025-08-26 14:22:35.747650
2025-08-16,SKU0010,STORE04,7.96,7.7272207689454975,5.0,1.0,8.0,0.0,0.0,0.3610762528115124,2025-08-26 14:22:35.747650
2025-08-10,SKU0011,STORE08,6.56,8.0,6.0,1.0,8.0,0.0,0.0,0.8252413466288728,2025-08-26 14:22:35.747650
2025-08-11,SKU0011,STORE08,7.18,6.559890150933516,0.0,0.0,8.0,0.0,0.0,0.8252413466288728,2025-08-26 14:22:35.747650
2025-08-12,SKU0011,STORE08,6.72,7.178410632067163,1.0,0.0,8.0,0.0,0.0,0.8252413466288728,2025-08-26 14:22:35.747650
2025-08-13,SKU0011,STORE08,6.25,6.721679788602872,2.0,0.0,8.0,0.0,0.0,0.8252413466288728,2025-08-26 14:22:35.747650
2025-08-14,SKU0011,STORE08,6.72,6.2537271494510955,3.0,0.0,8.0,0.0,0.0,0.8252413466288728,2025-08-26 14:22:35.747650
2025-08-15,SKU0011,STORE08,7.23,6.7176088032051675,4.0,0.0,8.0,0.0,0.0,0.8252413466288728,2025-08-26 14:22:35.747650
2025-08-16,SKU0011,STORE08,7.84,7.2306544702457005,5.0,1.0,8.0,0.0,0.0,0.8252413466288728,2025-08-26 14:22:35.747650
2025-08-10,SKU0012,STORE07,5.69,10.0,6.0,1.0,8.0,0.0,0.0,0.5992858483933294,2025-08-26 14:22:35.747650
2025-08-11,SKU0012,STORE07,8.0,5.687045373922198,0.0,0.0,8.0,0.0,0.0,0.5992858483933294,2025-08-26 14:22:35.747650
2025-08-12,SKU0012,STORE07,7.69,7.999916015691362,1.0,0.0,8.0,0.0,0.0,0.5992858483933294,2025-08-26 14:22:35.747650
2025-08-13,SKU0012,STORE07,7.47,7.6914416743202665,2.0,0.0,8.0,0.0,0.0,0.5992858483933294,2025-08-26 14:22:35.747650
2025-08-14,SKU0012,STORE07,6.9,7.470134234241526,3.0,0.0,8.0,0.0,0.0,0.5992858483933294,2025-08-26 14:22:35.747650
2025-08-15,SKU0012,STORE07,7.71,6.904450547914386,4.0,0.0,8.0,0.0,0.0,0.5992858483933294,2025-08-26 14:22:35.747650
2025-08-16,SKU0012,STORE07,7.7,7.710871832645812,5.0,1.0,8.0,0.0,0.0,0.5992858483933294,2025-08-26 14:22:35.747650
2025-08-10,SKU0013,STORE08,6.71,8.0,6.0,1.0,8.0,0.0,0.0,0.616297135117312,2025-08-26 14:22:35.747650
2025-08-11,SKU0013,STORE08,6.72,6.711299924992176,0.0,0.0,8.0,0.0,0.0,0.616297135117312,2025-08-26 14:22:35.747650
2025-08-12,SKU0013,STORE08,6.65,6.722745855240629,1.0,0.0,8.0,0.0,0.0,0.616297135117312,2025-08-26 14:22:35.747650
2025-08-13,SKU0013,STORE08,6.63,6.654820357839017,2.0,0.0,8.0,0.0,0.0,0.616297135117312,2025-08-26 14:22:35.747650
2025-08-14,SKU0013,STORE08,6.9,6.632396609373829,3.0,0.0,8.0,0.0,0.0,0.616297135117312,2025-08-26 14:22:35.747650
2025-08-15,SKU0013,STORE08,7.68,6.904450547914386,4.0,0.0,8.0,0.0,0.0,0.616297135117312,2025-08-26 14:22:35.747650
2025-08-16,SKU0013,STORE08,7.67,7.677257138081705,5.0,1.0,8.0,0.0,0.0,0.616297135117312,2025-08-26 14:22:35.747650
2025-08-10,SKU0014,STORE07,6.76,5.0,6.0,1.0,8.0,0.0,0.0,0.5520347292379342,2025-08-26 14:22:35.747650
2025-08-11,SKU0014,STORE07,6.76,6.76283042718746,0.0,0.0,8.0,0.0,0.0,0.5520347292379342,2025-08-26 14:22:35.747650
2025-08-12,SKU0014,STORE07,6.58,6.756829648407749,1.0,0.0,8.0,0.0,0.0,0.5520347292379342,2025-08-26 14:22:35.747650
2025-08-13,SKU0014,STORE07,6.61,6.577449864009134,2.0,0.0,8.0,0.0,0.0,0.5520347292379342,2025-08-26 14:22:35.747650
2025-08-14,SKU0014,STORE07,6.82,6.608979622786179,3.0,0.0,8.0,0.0,0.0,0.5520347292379342,2025-08-26 14:22:35.747650
2025-08-15,SKU0014,STORE07,7.8,6.823209684610037,4.0,0.0,8.0,0.0,0.0,0.5520347292379342,2025-08-26 14:22:35.747650
2025-08-16,SKU0014,STORE07,7.76,7.797583196398419,5.0,1.0,8.0,0.0,0.0,0.5520347292379342,2025-08-26 14:22:35.747650
2025-08-10,SKU0015,STORE09,6.02,10.0,6.0,1.0,8.0,0.0,0.0,0.3008894020016868,2025-08-26 14:22:35.747650
2025-08-11,SKU0015,STORE09,7.64,6.020416493518737,0.0,0.0,8.0,0.0,0.0,0.3008894020016868,2025-08-26 14:22:35.747650
2025-08-12,SKU0015,STORE09,7.46,7.639393112168294,1.0,0.0,8.0,0.0,0.0,0.3008894020016868,2025-08-26 14:22:35.747650
2025-08-13,SKU0015,STORE09,6.62,7.45519680104183,2.0,0.0,8.0,0.0,0.0,0.3008894020016868,2025-08-26 14:22:35.747650
2025-08-14,SKU0015,STORE09,6.72,6.623377580972212,3.0,0.0,8.0,0.0,0.0,0.3008894020016868,2025-08-26 14:22:35.747650
2025-08-15,SKU0015,STORE09,7.75,6.724922910397821,4.0,0.0,8.0,0.0,0.0,0.3008894020016868,2025-08-26 14:22:35.747650
2025-08-16,SKU0015,STORE09,7.84,7.748420942083457,5.0,1.0,8.0,0.0,0.0,0.3008894020016868,2025-08-26 14:22:35.747650
2025-08-10,SKU0016,STORE08,6.02,4.0,6.0,1.0,8.0,0.0,0.0,0.4785583708888309,2025-08-26 14:22:35.747650
2025-08-11,SKU0016,STORE08,7.38,6.021924524283293,0.0,0.0,8.0,0.0,0.0,0.4785583708888309,2025-08-26 14:22:35.747650
2025-08-12,SKU0016,STORE08,6.46,7.37830321843684,1.0,0.0,8.0,0.0,0.0,0.4785583708888309,2025-08-26 14:22:35.747650
2025-08-13,SKU0016,STORE08,6.66,6.462841722102718,2.0,0.0,8.0,0.0,0.0,0.4785583708888309,2025-08-26 14:22:35.747650
2025-08-14,SKU0016,STORE08,6.61,6.663209972828446,3.0,0.0,8.0,0.0,0.0,0.4785583708888309,2025-08-26 14:22:35.747650
2025-08-15,SKU0016,STORE08,7.58,6.610105699050423,4.0,0.0,8.0,0.0,0.0,0.4785583708888309,2025-08-26 14:22:35.747650
2025-08-16,SKU0016,STORE08,7.77,7.584479210838804,5.0,1.0,8.0,0.0,0.0,0.4785583708888309,2025-08-26 14:22:35.747650
2025-08-10,SKU0017,STORE05,6.94,1.0,6.0,1.0,8.0,0.0,0.0,0.6721575137222578,2025-08-26 14:22:35.747650
2025-08-11,SKU0017,STORE05,6.52,6.935241479137458,0.0,0.0,8.0,0.0,0.0,0.6721575137222578,2025-08-26 14:22:35.747650
2025-08-12,SKU0017,STORE05,6.34,6.521522051726303,1.0,0.0,8.0,0.0,0.0,0.6721575137222578,2025-08-26 14:22:35.747650
2025-08-13,SKU0017,STORE05,6.68,6.342142267327689,2.0,0.0,8.0,0.0,0.0,0.6721575137222578,2025-08-26 14:22:35.747650
2025-08-14,SKU0017,STORE05,6.8,6.684406078976617,3.0,0.0,8.0,0.0,0.0,0.6721575137222578,2025-08-26 14:22:35.747650
2025-08-15,SKU0017,STORE05,7.73,6.79628991588769,4.0,0.0,8.0,0.0,0.0,0.6721575137222578,2025-08-26 14:22:35.747650
2025-08-16,SKU0017,STORE05,8.4,7.731152364382753,5.0,1.0,8.0,0.0,0.0,0.6721575137222578,2025-08-26 14:22:35.747650
2025-08-10,SKU0018,STORE01,7.72,8.0,6.0,1.0,8.0,0.0,0.0,0.6989196801334958,2025-08-26 14:22:35.747650
2025-08-11,SKU0018,STORE01,8.1,7.7166228219816615,0.0,0.0,8.0,0.0,0.0,0.6989196801334958,2025-08-26 14:22:35.747650
2025-08-12,SKU0018,STORE01,8.26,8.095545148772908,1.0,0.0,8.0,0.0,0.0,0.6989196801334958,2025-08-26 14:22:35.747650
2025-08-13,SKU0018,STORE01,7.93,8.260190847606479,2.0,0.0,8.0,0.0,0.0,0.6989196801334958,2025-08-26 14:22:35.747650
2025-08-14,SKU0018,STORE01,7.1,7.925128985242168,3.0,0.0,8.0,0.0,0.0,0.6989196801334958,2025-08-26 14:22:35.747650
2025-08-15,SKU0018,STORE01,8.13,7.100755957402382,4.0,0.0,8.0,0.0,0.0,0.6989196801334958,2025-08-26 14:22:35.747650
2025-08-16,SKU0018,STORE01,8.59,8.130274362732301,5.0,1.0,8.0,0.0,0.0,0.6989196801334958,2025-08-26 14:22:35.747650
2025-08-10,SKU0019,STORE05,6.02,9.0,6.0,1.0,8.0,0.0,0.0,0.603398108879898,2025-08-26 14:22:35.747650
2025-08-11,SKU0019,STORE05,7.91,6.021235510245625,0.0,0.0,8.0,0.0,0.0,0.603398108879898,2025-08-26 14:22:35.747650
2025-08-12,SKU0019,STORE05,7.69,7.909226169699294,1.0,0.0,8.0,0.0,0.0,0.603398108879898,2025-08-26 14:22:35.747650
2025-08-13,SKU0019,STORE05,7.47,7.6914416743202665,2.0,0.0,8.0,0.0,0.0,0.603398108879898,2025-08-26 14:22:35.747650
2025-08-14,SKU0019,STORE05,6.9,7.470134234241526,3.0,0.0,8.0,0.0,0.0,0.603398108879898,2025-08-26 14:22:35.747650
2025-08-15,SKU0019,STORE05,7.68,6.904450547914386,4.0,0.0,8.0,0.0,0.0,0.603398108879898,2025-08-26 14:22:35.747650
2025-08-16,SKU0019,STORE05,7.67,7.677257138081705,5.0,1.0,8.0,0.0,0.0,0.603398108879898,2025-08-26 14:22:35.747650
2025-08-10,SKU0020,STORE03,7.18,6.0,6.0,1.0,8.0,0.0,0.0,0.2496284248957254,2025-08-26 14:22:35.747650
2025-08-11,SKU0020,STORE03,6.96,7.184072395523786,0.0,0.0,8.0,0.0,0.0,0.2496284248957254,2025-08-26 14:22:35.747650
2025-08-12,SKU0020,STORE03,6.53,6.958330599234971,1.0,0.0,8.0,0.0,0.0,0.2496284248957254,2025-08-26 14:22:35.747650
2025-08-13,SKU0020,STORE03,6.65,6.5257049808608825,2.0,0.0,8.0,0.0,0.0,0.2496284248957254,2025-08-26 14:22:35.747650
2025-08-14,SKU0020,STORE03,6.75,6.650355499898166,3.0,0.0,8.0,0.0,0.0,0.2496284248957254,2025-08-26 14:22:35.747650
2025-08-15,SKU0020,STORE03,7.73,6.751900829323775,4.0,0.0,8.0,0.0,0.0,0.2496284248957254,2025-08-26 14:22:35.747650
2025-08-16,SKU0020,STORE03,7.03,7.726274341112156,5.0,1.0,8.0,0.0,0.0,0.2496284248957254,2025-08-26 14:22:35.747650
2025-08-10,SKU0021,STORE01,6.42,8.0,6.0,1.0,8.0,0.0,0.0,0.2599272446087882,2025-08-26 14:22:35.747650
2025-08-11,SKU0021,STORE01,7.69,6.4150889381850345,0.0,0.0,8.0,0.0,0.0,0.2599272446087882,2025-08-26 14:22:35.747650
2025-08-12,SKU0021,STORE01,7.15,7.693586660682123,1.0,0.0,8.0,0.0,0.0,0.2599272446087882,2025-08-26 14:22:35.747650
2025-08-13,SKU0021,STORE01,6.68,7.15063025710439,2.0,0.0,8.0,0.0,0.0,0.2599272446087882,2025-08-26 14:22:35.747650
2025-08-14,SKU0021,STORE01,6.78,6.681655434108154,3.0,0.0,8.0,0.0,0.0,0.2599272446087882,2025-08-26 14:22:35.747650
2025-08-15,SKU0021,STORE01,7.76,6.783200763533763,4.0,0.0,8.0,0.0,0.0,0.2599272446087882,2025-08-26 14:22:35.747650
2025-08-16,SKU0021,STORE01,7.23,7.757574275322145,5.0,1.0,8.0,0.0,0.0,0.2599272446087882,2025-08-26 14:22:35.747650
2025-08-10,SKU0022,STORE08,7.63,6.0,6.0,1.0,8.0,0.0,0.0,0.6374533565662992,2025-08-26 14:22:35.747650
2025-08-11,SKU0022,STORE08,7.09,7.62944600621158,0.0,0.0,8.0,0.0,0.0,0.6374533565662992,2025-08-26 14:22:35.747650
2025-08-12,SKU0022,STORE08,6.23,7.0900800474908685,1.0,0.0,8.0,0.0,0.0,0.6374533565662992,2025-08-26 14:22:35.747650
2025-08-13,SKU0022,STORE08,6.34,6.225179516513649,2.0,0.0,8.0,0.0,0.0,0.6374533565662992,2025-08-26 14:22:35.747650
2025-08-14,SKU0022,STORE08,6.25,6.33926113988652,3.0,0.0,8.0,0.0,0.0,0.6374533565662992,2025-08-26 14:22:35.747650
2025-08-15,SKU0022,STORE08,7.09,6.2526183771543025,4.0,0.0,8.0,0.0,0.0,0.6374533565662992,2025-08-26 14:22:35.747650
2025-08-16,SKU0022,STORE08,7.81,7.0865441520644215,5.0,1.0,8.0,0.0,0.0,0.6374533565662992,2025-08-26 14:22:35.747650
2025-08-10,SKU0023,STORE07,6.46,4.0,6.0,1.0,8.0,0.0,0.0,0.7637383118427147,2025-08-26 14:22:35.747650
2025-08-11,SKU0023,STORE07,8.61,6.459558577006146,0.0,0.0,8.0,0.0,0.0,0.7637383118427147,2025-08-26 14:22:35.747650
2025-08-12,SKU0023,STORE07,7.72,8.611519654096611,1.0,0.0,8.0,0.0,0.0,0.7637383118427147,2025-08-26 14:22:35.747650
2025-08-13,SKU0023,STORE07,7.42,7.723612252906492,2.0,0.0,8.0,0.0,0.0,0.7637383118427147,2025-08-26 14:22:35.747650
2025-08-14,SKU0023,STORE07,7.06,7.4216666327936,3.0,0.0,8.0,0.0,0.0,0.7637383118427147,2025-08-26 14:22:35.747650
2025-08-15,SKU0023,STORE07,7.86,7.05656061700346,4.0,0.0,8.0,0.0,0.0,0.7637383118427147,2025-08-26 14:22:35.747650
2025-08-16,SKU0023,STORE07,7.85,7.856395407852819,5.0,1.0,8.0,0.0,0.0,0.7637383118427147,2025-08-26 14:22:35.747650
2025-08-10,SKU0024,STORE08,8.44,3.0,6.0,1.0,8.0,0.0,0.0,0.4093684059178819,2025-08-26 14:22:35.747650
2025-08-11,SKU0024,STORE08,7.21,8.437942538567727,0.0,0.0,8.0,0.0,0.0,0.4093684059178819,2025-08-26 14:22:35.747650
2025-08-12,SKU0024,STORE08,6.54,7.209223634746966,1.0,0.0,8.0,0.0,0.0,0.4093684059178819,2025-08-26 14:22:35.747650
2025-08-13,SKU0024,STORE08,6.58,6.535467900215018,2.0,0.0,8.0,0.0,0.0,0.4093684059178819,2025-08-26 14:22:35.747650
2025-08-14,SKU0024,STORE08,6.69,6.578584983638818,3.0,0.0,8.0,0.0,0.0,0.4093684059178819,2025-08-26 14:22:35.747650
2025-08-15,SKU0024,STORE08,7.63,6.6929145160993615,4.0,0.0,8.0,0.0,0.0,0.4093684059178819,2025-08-26 14:22:35.747650
2025-08-16,SKU0024,STORE08,7.72,7.631700867928755,5.0,1.0,8.0,0.0,0.0,0.4093684059178819,2025-08-26 14:22:35.747650
2025-08-10,SKU0025,STORE06,7.57,6.0,6.0,1.0,8.0,0.0,0.0,0.2865445513658381,2025-08-26 14:22:35.747650
2025-08-11,SKU0025,STORE06,7.07,7.567324920911835,0.0,0.0,8.0,0.0,0.0,0.2865445513658381,2025-08-26 14:22:35.747650
2025-08-12,SKU0025,STORE06,6.69,7.074723415001977,1.0,0.0,8.0,0.0,0.0,0.2865445513658381,2025-08-26 14:22:35.747650
2025-08-13,SKU0025,STORE06,6.81,6.686684015754499,2.0,0.0,8.0,0.0,0.0,0.2865445513658381,2025-08-26 14:22:35.747650
2025-08-14,SKU0025,STORE06,6.99,6.811334534791782,3.0,0.0,8.0,0.0,0.0,0.2865445513658381,2025-08-26 14:22:35.747650
2025-08-15,SKU0025,STORE06,7.96,6.988043663784033,4.0,0.0,8.0,0.0,0.0,0.2865445513658381,2025-08-26 14:22:35.747650
2025-08-16,SKU0025,STORE06,7.62,7.962417175572415,5.0,1.0,8.0,0.0,0.0,0.2865445513658381,2025-08-26 14:22:35.747650
2025-08-10,SKU0026,STORE02,7.56,6.0,6.0,1.0,8.0,0.0,0.0,0.417273258169245,2025-08-26 14:22:35.747650
2025-08-11,SKU0026,STORE02,7.21,7.563633821489161,0.0,0.0,8.0,0.0,0.0,0.417273258169245,2025-08-26 14:22:35.747650
2025-08-12,SKU0026,STORE02,6.54,7.209223634746966,1.0,0.0,8.0,0.0,0.0,0.417273258169245,2025-08-26 14:22:35.747650
2025-08-13,SKU0026,STORE02,6.58,6.535467900215018,2.0,0.0,8.0,0.0,0.0,0.417273258169245,2025-08-26 14:22:35.747650
2025-08-14,SKU0026,STORE02,6.69,6.578584983638818,3.0,0.0,8.0,0.0,0.0,0.417273258169245,2025-08-26 14:22:35.747650
2025-08-15,SKU0026,STORE02,7.63,6.6929145160993615,4.0,0.0,8.0,0.0,0.0,0.417273258169245,2025-08-26 14:22:35.747650
2025-08-16,SKU0026,STORE02,7.72,7.631700867928755,5.0,1.0,8.0,0.0,0.0,0.417273258169245,2025-08-26 14:22:35.747650
2025-08-10,SKU0027,STORE05,5.68,9.0,6.0,1.0,8.0,0.0,0.0,0.788889785213809,2025-08-26 14:22:35.747650
2025-08-11,SKU0027,STORE05,8.1,5.675928199375256,0.0,0.0,8.0,0.0,0.0,0.788889785213809,2025-08-26 14:22:35.747650
2025-08-12,SKU0027,STORE05,7.51,8.097102930224567,1.0,0.0,8.0,0.0,0.0,0.788889785213809,2025-08-26 14:22:35.747650
2025-08-13,SKU0027,STORE05,7.03,7.507426867673631,2.0,0.0,8.0,0.0,0.0,0.788889785213809,2025-08-26 14:22:35.747650
2025-08-14,SKU0027,STORE05,6.62,7.031253321522936,3.0,0.0,8.0,0.0,0.0,0.788889785213809,2025-08-26 14:22:35.747650
2025-08-15,SKU0027,STORE05,7.33,6.620957711690982,4.0,0.0,8.0,0.0,0.0,0.788889785213809,2025-08-26 14:22:35.747650
2025-08-16,SKU0027,STORE05,8.14,7.332667489785518,5.0,1.0,8.0,0.0,0.0,0.788889785213809,2025-08-26 14:22:35.747650
2025-08-10,SKU0028,STORE10,6.05,4.0,6.0,1.0,8.0,0.0,0.0,0.5091740296667399,2025-08-26 14:22:35.747650
2025-08-11,SKU0028,STORE10,7.85,6.053915832780637,0.0,0.0,8.0,0.0,0.0,0.5091740296667399,2025-08-26 14:22:35.747650
2025-08-12,SKU0028,STORE10,7.38,7.846021272115636,1.0,0.0,8.0,0.0,0.0,0.5091740296667399,2025-08-26 14:22:35.747650
2025-08-13,SKU0028,STORE10,6.64,7.375837565691276,2.0,0.0,8.0,0.0,0.0,0.5091740296667399,2025-08-26 14:22:35.747650
2025-08-14,SKU0028,STORE10,6.75,6.637729224533545,3.0,0.0,8.0,0.0,0.0,0.5091740296667399,2025-08-26 14:22:35.747650
2025-08-15,SKU0028,STORE10,7.73,6.752058756994089,4.0,0.0,8.0,0.0,0.0,0.5091740296667399,2025-08-26 14:22:35.747650
2025-08-16,SKU0028,STORE10,7.87,7.72643226878247,5.0,1.0,8.0,0.0,0.0,0.5091740296667399,2025-08-26 14:22:35.747650
2025-08-10,SKU0029,STORE08,6.73,8.0,6.0,1.0,8.0,0.0,0.0,0.5224722616277756,2025-08-26 14:22:35.747650
2025-08-11,SKU0029,STORE08,7.22,6.7304086630049795,0.0,0.0,8.0,0.0,0.0,0.5224722616277756,2025-08-26 14:22:35.747650
2025-08-12,SKU0029,STORE08,7.04,7.222901944648001,1.0,0.0,8.0,0.0,0.0,0.5224722616277756,2025-08-26 14:22:35.747650
2025-08-13,SKU0029,STORE08,7.01,7.0435221602493865,2.0,0.0,8.0,0.0,0.0,0.5224722616277756,2025-08-26 14:22:35.747650
2025-08-14,SKU0029,STORE08,6.64,7.0112654138092,3.0,0.0,8.0,0.0,0.0,0.5224722616277756,2025-08-26 14:22:35.747650
2025-08-15,SKU0029,STORE08,7.61,6.635157296305329,4.0,0.0,8.0,0.0,0.0,0.5224722616277756,2025-08-26 14:22:35.747650
2025-08-16,SKU0029,STORE08,7.65,7.6095308080937105,5.0,1.0,8.0,0.0,0.0,0.5224722616277756,2025-08-26 14:22:35.747650
2025-08-10,SKU0030,STORE06,5.92,9.0,6.0,1.0,8.0,0.0,0.0,0.11724241160541,2025-08-26 14:22:35.747650
2025-08-11,SKU0030,STORE06,6.97,5.918392091726839,0.0,0.0,8.0,0.0,0.0,0.11724241160541,2025-08-26 14:22:35.747650
2025-08-12,SKU0030,STORE06,5.94,6.965781645230564,1.0,0.0,8.0,0.0,0.0,0.11724241160541,2025-08-26 14:22:35.747650
2025-08-13,SKU0030,STORE06,6.25,5.937964023661451,2.0,0.0,8.0,0.0,0.0,0.11724241160541,2025-08-26 14:22:35.747650
2025-08-14,SKU0030,STORE06,6.27,6.250247778326109,3.0,0.0,8.0,0.0,0.0,0.11724241160541,2025-08-26 14:22:35.747650
2025-08-15,SKU0030,STORE06,6.68,6.271663152457615,4.0,0.0,8.0,0.0,0.0,0.11724241160541,2025-08-26 14:22:35.747650
2025-08-16,SKU0030,STORE06,7.25,6.678298405995795,5.0,1.0,8.0,0.0,0.0,0.11724241160541,2025-08-26 14:22:35.747650
2025-08-10,SKU0031,STORE04,5.31,10.0,6.0,1.0,8.0,0.0,0.0,0.2397138774487147,2025-08-26 14:22:35.747650
2025-08-11,SKU0031,STORE04,8.32,5.31463680026891,0.0,0.0,8.0,0.0,0.0,0.2397138774487147,2025-08-26 14:22:35.747650
2025-08-12,SKU0031,STORE04,7.12,8.320967405856504,1.0,0.0,8.0,0.0,0.0,0.2397138774487147,2025-08-26 14:22:35.747650
2025-08-13,SKU0031,STORE04,6.65,7.115630535956606,2.0,0.0,8.0,0.0,0.0,0.2397138774487147,2025-08-26 14:22:35.747650
2025-08-14,SKU0031,STORE04,6.75,6.64665571296037,3.0,0.0,8.0,0.0,0.0,0.2397138774487147,2025-08-26 14:22:35.747650
2025-08-15,SKU0031,STORE04,7.72,6.748201042385979,4.0,0.0,8.0,0.0,0.0,0.2397138774487147,2025-08-26 14:22:35.747650
2025-08-16,SKU0031,STORE04,7.03,7.7225745541743605,5.0,1.0,8.0,0.0,0.0,0.2397138774487147,2025-08-26 14:22:35.747650
2025-08-10,SKU0032,STORE05,7.22,1.0,6.0,1.0,8.0,0.0,0.0,0.5747396373712207,2025-08-26 14:22:35.747650
2025-08-11,SKU0032,STORE05,6.7,7.2211313701593545,0.0,0.0,8.0,0.0,0.0,0.5747396373712207,2025-08-26 14:22:35.747650
2025-08-12,SKU0032,STORE05,6.78,6.704116819050004,1.0,0.0,8.0,0.0,0.0,0.5747396373712207,2025-08-26 14:22:35.747650
2025-08-13,SKU0032,STORE05,6.81,6.778723608317458,2.0,0.0,8.0,0.0,0.0,0.5747396373712207,2025-08-26 14:22:35.747650
2025-08-14,SKU0032,STORE05,6.93,6.810253367094503,3.0,0.0,8.0,0.0,0.0,0.5747396373712207,2025-08-26 14:22:35.747650
2025-08-15,SKU0032,STORE05,7.69,6.92924437892796,4.0,0.0,8.0,0.0,0.0,0.5747396373712207,2025-08-26 14:22:35.747650
2025-08-16,SKU0032,STORE05,7.75,7.685126516327076,5.0,1.0,8.0,0.0,0.0,0.5747396373712207,2025-08-26 14:22:35.747650
2025-08-10,SKU0033,STORE02,6.23,4.0,6.0,1.0,8.0,0.0,0.0,0.6159046719622012,2025-08-26 14:22:35.747650
2025-08-11,SKU0033,STORE02,7.91,6.229783484373616,0.0,0.0,8.0,0.0,0.0,0.6159046719622012,2025-08-26 14:22:35.747650
2025-08-12,SKU0033,STORE02,7.69,7.909226169699294,1.0,0.0,8.0,0.0,0.0,0.6159046719622012,2025-08-26 14:22:35.747650
2025-08-13,SKU0033,STORE02,7.47,7.6914416743202665,2.0,0.0,8.0,0.0,0.0,0.6159046719622012,2025-08-26 14:22:35.747650
2025-08-14,SKU0033,STORE02,6.9,7.470134234241526,3.0,0.0,8.0,0.0,0.0,0.6159046719622012,2025-08-26 14:22:35.747650
2025-08-15,SKU0033,STORE02,7.68,6.904450547914386,4.0,0.0,8.0,0.0,0.0,0.6159046719622012,2025-08-26 14:22:35.747650
2025-08-16,SKU0033,STORE02,7.67,7.677257138081705,5.0,1.0,8.0,0.0,0.0,0.6159046719622012,2025-08-26 14:22:35.747650
2025-08-10,SKU0034,STORE02,6.14,2.0,6.0,1.0,8.0,0.0,0.0,0.0492802977002639,2025-08-26 14:22:35.747650
2025-08-11,SKU0034,STORE02,7.42,6.1382132147622235,0.0,0.0,8.0,0.0,0.0,0.0492802977002639,2025-08-26 14:22:35.747650
2025-08-12,SKU0034,STORE02,6.33,7.421374868653579,1.0,0.0,8.0,0.0,0.0,0.0492802977002639,2025-08-26 14:22:35.747650
2025-08-13,SKU0034,STORE02,6.55,6.3306836975310725,2.0,0.0,8.0,0.0,0.0,0.0492802977002639,2025-08-26 14:22:35.747650
2025-08-14,SKU0034,STORE02,6.57,6.5501102769685335,3.0,0.0,8.0,0.0,0.0,0.0492802977002639,2025-08-26 14:22:35.747650
2025-08-15,SKU0034,STORE02,7.55,6.571525651100039,4.0,0.0,8.0,0.0,0.0,0.0492802977002639,2025-08-26 14:22:35.747650
2025-08-16,SKU0034,STORE02,7.32,7.545550560081723,5.0,1.0,8.0,0.0,0.0,0.0492802977002639,2025-08-26 14:22:35.747650
2025-08-10,SKU0036,STORE08,6.31,4.0,6.0,1.0,8.0,0.0,0.0,0.9966528460692564,2025-08-26 14:22:35.747650
2025-08-11,SKU0036,STORE08,7.53,6.31068105961232,0.0,0.0,8.0,0.0,0.0,0.9966528460692564,2025-08-26 14:22:35.747650
2025-08-12,SKU0036,STORE08,7.07,7.530776657053889,1.0,0.0,8.0,0.0,0.0,0.9966528460692564,2025-08-26 14:22:35.747650
2025-08-13,SKU0036,STORE08,6.01,7.066802609609811,2.0,0.0,8.0,0.0,0.0,0.9966528460692564,2025-08-26 14:22:35.747650
2025-08-14,SKU0036,STORE08,6.6,6.005208128041309,3.0,0.0,8.0,0.0,0.0,0.9966528460692564,2025-08-26 14:22:35.747650
2025-08-15,SKU0036,STORE08,7.23,6.598819898979819,4.0,0.0,8.0,0.0,0.0,0.9966528460692564,2025-08-26 14:22:35.747650
2025-08-16,SKU0036,STORE08,8.02,7.230660934836007,5.0,1.0,8.0,0.0,0.0,0.9966528460692564,2025-08-26 14:22:35.747650
2025-08-10,SKU0037,STORE04,7.0,5.0,6.0,1.0,8.0,0.0,0.0,0.6159783870865787,2025-08-26 14:22:35.747650
2025-08-11,SKU0037,STORE04,6.72,6.995591148225123,0.0,0.0,8.0,0.0,0.0,0.6159783870865787,2025-08-26 14:22:35.747650
2025-08-12,SKU0037,STORE04,6.65,6.722745855240629,1.0,0.0,8.0,0.0,0.0,0.6159783870865787,2025-08-26 14:22:35.747650
2025-08-13,SKU0037,STORE04,6.63,6.654820357839017,2.0,0.0,8.0,0.0,0.0,0.6159783870865787,2025-08-26 14:22:35.747650
2025-08-14,SKU0037,STORE04,6.9,6.632396609373829,3.0,0.0,8.0,0.0,0.0,0.6159783870865787,2025-08-26 14:22:35.747650
2025-08-15,SKU0037,STORE04,7.68,6.904450547914386,4.0,0.0,8.0,0.0,0.0,0.6159783870865787,2025-08-26 14:22:35.747650
2025-08-16,SKU0037,STORE04,7.67,7.677257138081705,5.0,1.0,8.0,0.0,0.0,0.6159783870865787,2025-08-26 14:22:35.747650
2025-08-10,SKU0038,STORE04,6.76,9.0,6.0,1.0,8.0,0.0,0.0,0.366728174851106,2025-08-26 14:22:35.747650
2025-08-11,SKU0038,STORE04,6.89,6.762941395725262,0.0,0.0,8.0,0.0,0.0,0.366728174851106,2025-08-26 14:22:35.747650
2025-08-12,SKU0038,STORE04,6.67,6.892022288323621,1.0,0.0,8.0,0.0,0.0,0.366728174851106,2025-08-26 14:22:35.747650
2025-08-13,SKU0038,STORE04,6.74,6.673336926849509,2.0,0.0,8.0,0.0,0.0,0.366728174851106,2025-08-26 14:22:35.747650
2025-08-14,SKU0038,STORE04,6.73,6.73874018110524,3.0,0.0,8.0,0.0,0.0,0.366728174851106,2025-08-26 14:22:35.747650
2025-08-15,SKU0038,STORE04,7.7,6.7261216100415195,4.0,0.0,8.0,0.0,0.0,0.366728174851106,2025-08-26 14:22:35.747650
2025-08-16,SKU0038,STORE04,7.9,7.700495121829901,5.0,1.0,8.0,0.0,0.0,0.366728174851106,2025-08-26 14:22:35.747650
2025-08-10,SKU0039,STORE01,6.73,8.0,6.0,1.0,8.0,0.0,0.0,0.5225620110916213,2025-08-26 14:22:35.747650
2025-08-11,SKU0039,STORE01,7.22,6.7304086630049795,0.0,0.0,8.0,0.0,0.0,0.5225620110916213,2025-08-26 14:22:35.747650
2025-08-12,SKU0039,STORE01,7.04,7.222901944648001,1.0,0.0,8.0,0.0,0.0,0.5225620110916213,2025-08-26 14:22:35.747650
2025-08-13,SKU0039,STORE01,7.01,7.0435221602493865,2.0,0.0,8.0,0.0,0.0,0.5225620110916213,2025-08-26 14:22:35.747650
2025-08-14,SKU0039,STORE01,6.64,7.0112654138092,3.0,0.0,8.0,0.0,0.0,0.5225620110916213,2025-08-26 14:22:35.747650
2025-08-15,SKU0039,STORE01,7.61,6.635157296305329,4.0,0.0,8.0,0.0,0.0,0.5225620110916213,2025-08-26 14:22:35.747650
2025-08-16,SKU0039,STORE01,7.65,7.6095308080937105,5.0,1.0,8.0,0.0,0.0,0.5225620110916213,2025-08-26 14:22:35.747650
2025-08-10,SKU0040,STORE10,7.23,1.0,6.0,1.0,8.0,0.0,0.0,0.3708814182705235,2025-08-26 14:22:35.747650
2025-08-11,SKU0040,STORE10,6.74,7.229716100693466,0.0,0.0,8.0,0.0,0.0,0.3708814182705235,2025-08-26 14:22:35.747650
2025-08-12,SKU0040,STORE10,6.52,6.740381544935393,1.0,0.0,8.0,0.0,0.0,0.3708814182705235,2025-08-26 14:22:35.747650
2025-08-13,SKU0040,STORE10,6.41,6.521696183461281,2.0,0.0,8.0,0.0,0.0,0.3708814182705235,2025-08-26 14:22:35.747650
2025-08-14,SKU0040,STORE10,6.52,6.409504364961856,3.0,0.0,8.0,0.0,0.0,0.3708814182705235,2025-08-26 14:22:35.747650
2025-08-15,SKU0040,STORE10,7.5,6.523913332849621,4.0,0.0,8.0,0.0,0.0,0.3708814182705235,2025-08-26 14:22:35.747650
2025-08-16,SKU0040,STORE10,7.8,7.4982074092107815,5.0,1.0,8.0,0.0,0.0,0.3708814182705235,2025-08-26 14:22:35.747650
2025-08-10,SKU0041,STORE10,6.74,1.0,6.0,1.0,8.0,0.0,0.0,0.8298136550697871,2025-08-26 14:22:35.747650
2025-08-11,SKU0041,STORE10,7.24,6.739143584916189,0.0,0.0,8.0,0.0,0.0,0.8298136550697871,2025-08-26 14:22:35.747650
2025-08-12,SKU0041,STORE10,6.78,7.240508325945518,1.0,0.0,8.0,0.0,0.0,0.8298136550697871,2025-08-26 14:22:35.747650
2025-08-13,SKU0041,STORE10,6.41,6.783777482481227,2.0,0.0,8.0,0.0,0.0,0.8298136550697871,2025-08-26 14:22:35.747650
2025-08-14,SKU0041,STORE10,6.96,6.407785600622106,3.0,0.0,8.0,0.0,0.0,0.8298136550697871,2025-08-26 14:22:35.747650
2025-08-15,SKU0041,STORE10,7.52,6.9557657662058965,4.0,0.0,8.0,0.0,0.0,0.8298136550697871,2025-08-26 14:22:35.747650
2025-08-16,SKU0041,STORE10,7.56,7.515416774821155,5.0,1.0,8.0,0.0,0.0,0.8298136550697871,2025-08-26 14:22:35.747650
2025-08-10,SKU0042,STORE01,6.5,9.0,6.0,1.0,8.0,0.0,0.0,0.3341973476835498,2025-08-26 14:22:35.747650
2025-08-11,SKU0042,STORE01,7.52,6.496596878869175,0.0,0.0,8.0,0.0,0.0,0.3341973476835498,2025-08-26 14:22:35.747650
2025-08-12,SKU0042,STORE01,7.46,7.520333502445892,1.0,0.0,8.0,0.0,0.0,0.3341973476835498,2025-08-26 14:22:35.747650
2025-08-13,SKU0042,STORE01,6.6,7.4614170154868,2.0,0.0,8.0,0.0,0.0,0.3341973476835498,2025-08-26 14:22:35.747650
2025-08-14,SKU0042,STORE01,6.68,6.597646801820417,3.0,0.0,8.0,0.0,0.0,0.3341973476835498,2025-08-26 14:22:35.747650
2025-08-15,SKU0042,STORE01,7.66,6.681912535500398,4.0,0.0,8.0,0.0,0.0,0.3341973476835498,2025-08-26 14:22:35.747650
2025-08-16,SKU0042,STORE01,7.77,7.65628604728878,5.0,1.0,8.0,0.0,0.0,0.3341973476835498,2025-08-26 14:22:35.747650
2025-08-10,SKU0043,STORE01,7.02,6.0,6.0,1.0,8.0,0.0,0.0,0.1443218806328969,2025-08-26 14:22:35.747650
2025-08-11,SKU0043,STORE01,6.78,7.015244273506798,0.0,0.0,8.0,0.0,0.0,0.1443218806328969,2025-08-26 14:22:35.747650
2025-08-12,SKU0043,STORE01,6.47,6.781576540619175,1.0,0.0,8.0,0.0,0.0,0.1443218806328969,2025-08-26 14:22:35.747650
2025-08-13,SKU0043,STORE01,6.72,6.471045938025626,2.0,0.0,8.0,0.0,0.0,0.1443218806328969,2025-08-26 14:22:35.747650
2025-08-14,SKU0043,STORE01,6.7,6.7197494909523865,3.0,0.0,8.0,0.0,0.0,0.1443218806328969,2025-08-26 14:22:35.747650
2025-08-15,SKU0043,STORE01,7.67,6.697241786488519,4.0,0.0,8.0,0.0,0.0,0.1443218806328969,2025-08-26 14:22:35.747650
2025-08-16,SKU0043,STORE01,7.57,7.6716152982769,5.0,1.0,8.0,0.0,0.0,0.1443218806328969,2025-08-26 14:22:35.747650
2025-08-10,SKU0044,STORE01,6.01,5.0,6.0,1.0,8.0,0.0,0.0,0.3427285865355309,2025-08-26 14:22:35.747650
2025-08-11,SKU0044,STORE01,7.14,6.01332668821255,0.0,0.0,8.0,0.0,0.0,0.3427285865355309,2025-08-26 14:22:35.747650
2025-08-12,SKU0044,STORE01,6.21,7.139409580049914,1.0,0.0,8.0,0.0,0.0,0.3427285865355309,2025-08-26 14:22:35.747650
2025-08-13,SKU0044,STORE01,6.53,6.2141827946243495,2.0,0.0,8.0,0.0,0.0,0.3427285865355309,2025-08-26 14:22:35.747650
2025-08-14,SKU0044,STORE01,6.45,6.53219153723918,3.0,0.0,8.0,0.0,0.0,0.3427285865355309,2025-08-26 14:22:35.747650
2025-08-15,SKU0044,STORE01,7.2,6.447553944358916,4.0,0.0,8.0,0.0,0.0,0.3427285865355309,2025-08-26 14:22:35.747650
2025-08-16,SKU0044,STORE01,7.72,7.20392293618155,5.0,1.0,8.0,0.0,0.0,0.3427285865355309,2025-08-26 14:22:35.747650
2025-08-10,SKU0045,STORE10,6.23,4.0,6.0,1.0,8.0,0.0,0.0,0.4993400818484508,2025-08-26 14:22:35.747650
2025-08-11,SKU0045,STORE10,7.42,6.227907568474638,0.0,0.0,8.0,0.0,0.0,0.4993400818484508,2025-08-26 14:22:35.747650
2025-08-12,SKU0045,STORE10,6.51,7.422519836789831,1.0,0.0,8.0,0.0,0.0,0.4993400818484508,2025-08-26 14:22:35.747650
2025-08-13,SKU0045,STORE10,6.77,6.507058340455709,2.0,0.0,8.0,0.0,0.0,0.4993400818484508,2025-08-26 14:22:35.747650
2025-08-14,SKU0045,STORE10,6.88,6.767745212790643,3.0,0.0,8.0,0.0,0.0,0.4993400818484508,2025-08-26 14:22:35.747650
2025-08-15,SKU0045,STORE10,7.86,6.882074745251187,4.0,0.0,8.0,0.0,0.0,0.4993400818484508,2025-08-26 14:22:35.747650
2025-08-16,SKU0045,STORE10,7.97,7.856448257039569,5.0,1.0,8.0,0.0,0.0,0.4993400818484508,2025-08-26 14:22:35.747650
2025-08-10,SKU0046,STORE05,6.25,5.0,6.0,1.0,8.0,0.0,0.0,0.3623614015218103,2025-08-26 14:22:35.747650
2025-08-11,SKU0046,STORE05,7.64,6.249030014186952,0.0,0.0,8.0,0.0,0.0,0.3623614015218103,2025-08-26 14:22:35.747650
2025-08-12,SKU0046,STORE05,7.55,7.642408013275357,1.0,0.0,8.0,0.0,0.0,0.3623614015218103,2025-08-26 14:22:35.747650
2025-08-13,SKU0046,STORE05,7.47,7.553775829784622,2.0,0.0,8.0,0.0,0.0,0.3623614015218103,2025-08-26 14:22:35.747650
2025-08-14,SKU0046,STORE05,6.73,7.467945789832589,3.0,0.0,8.0,0.0,0.0,0.3623614015218103,2025-08-26 14:22:35.747650
2025-08-15,SKU0046,STORE05,7.7,6.7261216100415195,4.0,0.0,8.0,0.0,0.0,0.3623614015218103,2025-08-26 14:22:35.747650
2025-08-16,SKU0046,STORE05,7.9,7.700495121829901,5.0,1.0,8.0,0.0,0.0,0.3623614015218103,2025-08-26 14:22:35.747650
2025-08-10,SKU0047,STORE01,7.57,6.0,6.0,1.0,8.0,0.0,0.0,0.2921701795726941,2025-08-26 14:22:35.747650
2025-08-11,SKU0047,STORE01,7.07,7.567324920911835,0.0,0.0,8.0,0.0,0.0,0.2921701795726941,2025-08-26 14:22:35.747650
2025-08-12,SKU0047,STORE01,6.69,7.074723415001977,1.0,0.0,8.0,0.0,0.0,0.2921701795726941,2025-08-26 14:22:35.747650
2025-08-13,SKU0047,STORE01,6.81,6.686684015754499,2.0,0.0,8.0,0.0,0.0,0.2921701795726941,2025-08-26 14:22:35.747650
2025-08-14,SKU0047,STORE01,7.05,6.811334534791782,3.0,0.0,8.0,0.0,0.0,0.2921701795726941,2025-08-26 14:22:35.747650
2025-08-15,SKU0047,STORE01,8.02,7.048883492886191,4.0,0.0,8.0,0.0,0.0,0.2921701795726941,2025-08-26 14:22:35.747650
2025-08-16,SKU0047,STORE01,7.65,8.023257004674575,5.0,1.0,8.0,0.0,0.0,0.2921701795726941,2025-08-26 14:22:35.747650
2025-08-10,SKU0048,STORE07,6.47,6.0,6.0,1.0,8.0,0.0,0.0,0.1142732766304374,2025-08-26 14:22:35.747650
2025-08-11,SKU0048,STORE07,6.97,6.470283253304202,0.0,0.0,8.0,0.0,0.0,0.1142732766304374,2025-08-26 14:22:35.747650
2025-08-12,SKU0048,STORE07,5.94,6.965781645230564,1.0,0.0,8.0,0.0,0.0,0.1142732766304374,2025-08-26 14:22:35.747650
2025-08-13,SKU0048,STORE07,6.25,5.937964023661451,2.0,0.0,8.0,0.0,0.0,0.1142732766304374,2025-08-26 14:22:35.747650
2025-08-14,SKU0048,STORE07,6.27,6.250247778326109,3.0,0.0,8.0,0.0,0.0,0.1142732766304374,2025-08-26 14:22:35.747650
2025-08-15,SKU0048,STORE07,6.68,6.271663152457615,4.0,0.0,8.0,0.0,0.0,0.1142732766304374,2025-08-26 14:22:35.747650
2025-08-16,SKU0048,STORE07,7.25,6.678298405995795,5.0,1.0,8.0,0.0,0.0,0.1142732766304374,2025-08-26 14:22:35.747650
2025-08-10,SKU0049,STORE06,6.04,4.0,6.0,1.0,8.0,0.0,0.0,0.6540811403218199,2025-08-26 14:22:35.747650
2025-08-11,SKU0049,STORE06,7.88,6.039670692248186,0.0,0.0,8.0,0.0,0.0,0.6540811403218199,2025-08-26 14:22:35.747650
2025-08-12,SKU0049,STORE06,7.51,7.884321182267793,1.0,0.0,8.0,0.0,0.0,0.6540811403218199,2025-08-26 14:22:35.747650
2025-08-13,SKU0049,STORE06,7.31,7.509102692440255,2.0,0.0,8.0,0.0,0.0,0.6540811403218199,2025-08-26 14:22:35.747650
2025-08-14,SKU0049,STORE06,6.7,7.309295401290222,3.0,0.0,8.0,0.0,0.0,0.6540811403218199,2025-08-26 14:22:35.747650
2025-08-15,SKU0049,STORE06,7.55,6.701639735920331,4.0,0.0,8.0,0.0,0.0,0.6540811403218199,2025-08-26 14:22:35.747650
2025-08-16,SKU0049,STORE06,7.63,7.546494314772122,5.0,1.0,8.0,0.0,0.0,0.6540811403218199,2025-08-26 14:22:35.747650
2025-08-10,SKU0050,STORE07,6.11,10.0,6.0,1.0,8.0,0.0,0.0,0.568514071577491,2025-08-26 14:22:35.747650
2025-08-11,SKU0050,STORE07,7.89,6.1114815070980235,0.0,0.0,8.0,0.0,0.0,0.568514071577491,2025-08-26 14:22:35.747650
2025-08-12,SKU0050,STORE07,7.94,7.890597133508669,1.0,0.0,8.0,0.0,0.0,0.568514071577491,2025-08-26 14:22:35.747650
2025-08-13,SKU0050,STORE07,7.77,7.939808833791797,2.0,0.0,8.0,0.0,0.0,0.568514071577491,2025-08-26 14:22:35.747650
2025-08-14,SKU0050,STORE07,6.71,7.77245490095529,3.0,0.0,8.0,0.0,0.0,0.568514071577491,2025-08-26 14:22:35.747650
2025-08-15,SKU0050,STORE07,7.85,6.705452451156141,4.0,0.0,8.0,0.0,0.0,0.568514071577491,2025-08-26 14:22:35.747650
2025-08-16,SKU0050,STORE07,7.91,7.85049142518182,5.0,1.0,8.0,0.0,0.0,0.568514071577491,2025-08-26 14:22:35.747650
2025-08-10,SKU0051,STORE06,7.88,3.0,6.0,1.0,8.0,0.0,0.0,0.1148366984210695,2025-08-26 14:22:35.747650
2025-08-11,SKU0051,STORE06,6.64,7.88288845476388,0.0,0.0,8.0,0.0,0.0,0.1148366984210695,2025-08-26 14:22:35.747650
2025-08-12,SKU0051,STORE06,5.94,6.644554619375145,1.0,0.0,8.0,0.0,0.0,0.1148366984210695,2025-08-26 14:22:35.747650
2025-08-13,SKU0051,STORE06,6.25,5.937964023661451,2.0,0.0,8.0,0.0,0.0,0.1148366984210695,2025-08-26 14:22:35.747650
2025-08-14,SKU0051,STORE06,6.27,6.250247778326109,3.0,0.0,8.0,0.0,0.0,0.1148366984210695,2025-08-26 14:22:35.747650
2025-08-15,SKU0051,STORE06,6.68,6.271663152457615,4.0,0.0,8.0,0.0,0.0,0.1148366984210695,2025-08-26 14:22:35.747650
2025-08-16,SKU0051,STORE06,7.25,6.678298405995795,5.0,1.0,8.0,0.0,0.0,0.1148366984210695,2025-08-26 14:22:35.747650
2025-08-10,SKU0053,STORE03,5.83,10.0,6.0,1.0,8.0,0.0,0.0,0.0609464322764157,2025-08-26 14:22:35.747650
2025-08-11,SKU0053,STORE03,7.72,5.832298137599099,0.0,0.0,8.0,0.0,0.0,0.0609464322764157,2025-08-26 14:22:35.747650
2025-08-12,SKU0053,STORE03,7.48,7.717640025921134,1.0,0.0,8.0,0.0,0.0,0.0609464322764157,2025-08-26 14:22:35.747650
2025-08-13,SKU0053,STORE03,6.92,7.483893747817347,2.0,0.0,8.0,0.0,0.0,0.0609464322764157,2025-08-26 14:22:35.747650
2025-08-14,SKU0053,STORE03,6.97,6.92471592382717,3.0,0.0,8.0,0.0,0.0,0.0609464322764157,2025-08-26 14:22:35.747650
2025-08-15,SKU0053,STORE03,7.76,6.9745533460311275,4.0,0.0,8.0,0.0,0.0,0.0609464322764157,2025-08-26 14:22:35.747650
2025-08-16,SKU0053,STORE03,7.75,7.76386774179193,5.0,1.0,8.0,0.0,0.0,0.0609464322764157,2025-08-26 14:22:35.747650
2025-08-10,SKU0054,STORE04,7.32,7.0,6.0,1.0,8.0,0.0,0.0,0.6072963840466871,2025-08-26 14:22:35.747650
2025-08-11,SKU0054,STORE04,6.72,7.318149427324391,0.0,0.0,8.0,0.0,0.0,0.6072963840466871,2025-08-26 14:22:35.747650
2025-08-12,SKU0054,STORE04,6.61,6.722745855240629,1.0,0.0,8.0,0.0,0.0,0.6072963840466871,2025-08-26 14:22:35.747650
2025-08-13,SKU0054,STORE04,6.59,6.613674046624967,2.0,0.0,8.0,0.0,0.0,0.6072963840466871,2025-08-26 14:22:35.747650
2025-08-14,SKU0054,STORE04,6.9,6.591250298159778,3.0,0.0,8.0,0.0,0.0,0.6072963840466871,2025-08-26 14:22:35.747650
2025-08-15,SKU0054,STORE04,7.68,6.904450547914386,4.0,0.0,8.0,0.0,0.0,0.6072963840466871,2025-08-26 14:22:35.747650
2025-08-16,SKU0054,STORE04,7.67,7.677257138081705,5.0,1.0,8.0,0.0,0.0,0.6072963840466871,2025-08-26 14:22:35.747650
2025-08-10,SKU0055,STORE05,7.12,7.0,6.0,1.0,8.0,0.0,0.0,0.4289462026785087,2025-08-26 14:22:35.747650
2025-08-11,SKU0055,STORE05,6.89,7.123362172417935,0.0,0.0,8.0,0.0,0.0,0.4289462026785087,2025-08-26 14:22:35.747650
2025-08-12,SKU0055,STORE05,6.64,6.887958680191718,1.0,0.0,8.0,0.0,0.0,0.4289462026785087,2025-08-26 14:22:35.747650
2025-08-13,SKU0055,STORE05,6.61,6.640270137807055,2.0,0.0,8.0,0.0,0.0,0.4289462026785087,2025-08-26 14:22:35.747650
2025-08-14,SKU0055,STORE05,6.72,6.609938665708566,3.0,0.0,8.0,0.0,0.0,0.4289462026785087,2025-08-26 14:22:35.747650
2025-08-15,SKU0055,STORE05,7.7,6.72426819816911,4.0,0.0,8.0,0.0,0.0,0.4289462026785087,2025-08-26 14:22:35.747650
2025-08-16,SKU0055,STORE05,7.79,7.698641709957491,5.0,1.0,8.0,0.0,0.0,0.4289462026785087,2025-08-26 14:22:35.747650
2025-08-10,SKU0057,STORE06,6.61,1.0,6.0,1.0,8.0,0.0,0.0,0.1864838433398123,2025-08-26 14:22:35.747650
2025-08-11,SKU0057,STORE06,6.99,6.613363405381479,0.0,0.0,8.0,0.0,0.0,0.1864838433398123,2025-08-26 14:22:35.747650
2025-08-12,SKU0057,STORE06,6.55,6.986076066789626,1.0,0.0,8.0,0.0,0.0,0.1864838433398123,2025-08-26 14:22:35.747650
2025-08-13,SKU0057,STORE06,6.63,6.5534504484155365,2.0,0.0,8.0,0.0,0.0,0.1864838433398123,2025-08-26 14:22:35.747650
2025-08-14,SKU0057,STORE06,6.78,6.634720195103729,3.0,0.0,8.0,0.0,0.0,0.1864838433398123,2025-08-26 14:22:35.747650
2025-08-15,SKU0057,STORE06,7.75,6.779646296878429,4.0,0.0,8.0,0.0,0.0,0.1864838433398123,2025-08-26 14:22:35.747650
2025-08-16,SKU0057,STORE06,7.66,7.75401980866681,5.0,1.0,8.0,0.0,0.0,0.1864838433398123,2025-08-26 14:22:35.747650
2025-08-10,SKU0058,STORE04,5.78,2.0,6.0,1.0,8.0,0.0,0.0,0.0901364939777051,2025-08-26 14:22:35.747650
2025-08-11,SKU0058,STORE04,5.94,5.779080782935152,0.0,0.0,8.0,0.0,0.0,0.0901364939777051,2025-08-26 14:22:35.747650
2025-08-12,SKU0058,STORE04,5.08,5.942313539206979,1.0,0.0,8.0,0.0,0.0,0.0901364939777051,2025-08-26 14:22:35.747650
2025-08-13,SKU0058,STORE04,3.37,5.07680236410769,2.0,0.0,8.0,0.0,0.0,0.0901364939777051,2025-08-26 14:22:35.747650
2025-08-14,SKU0058,STORE04,3.52,3.3730636403645247,3.0,0.0,8.0,0.0,0.0,0.0901364939777051,2025-08-26 14:22:35.747650
2025-08-15,SKU0058,STORE04,5.85,3.5248134545787733,4.0,0.0,8.0,0.0,0.0,0.0901364939777051,2025-08-26 14:22:35.747650
2025-08-16,SKU0058,STORE04,8.06,5.851871417735475,5.0,1.0,8.0,0.0,0.0,0.0901364939777051,2025-08-26 14:22:35.747650
2025-08-10,SKU0059,STORE09,6.98,1.0,6.0,1.0,8.0,0.0,0.0,0.2689213930229033,2025-08-26 14:22:35.747650
2025-08-11,SKU0059,STORE09,6.51,6.9825749309341925,0.0,0.0,8.0,0.0,0.0,0.2689213930229033,2025-08-26 14:22:35.747650
2025-08-12,SKU0059,STORE09,6.08,6.51348932359062,1.0,0.0,8.0,0.0,0.0,0.2689213930229033,2025-08-26 14:22:35.747650
2025-08-13,SKU0059,STORE09,6.37,6.08086370521653,2.0,0.0,8.0,0.0,0.0,0.2689213930229033,2025-08-26 14:22:35.747650
2025-08-14,SKU0059,STORE09,6.31,6.372948030492381,3.0,0.0,8.0,0.0,0.0,0.2689213930229033,2025-08-26 14:22:35.747650
2025-08-15,SKU0059,STORE09,7.06,6.307059553679423,4.0,0.0,8.0,0.0,0.0,0.2689213930229033,2025-08-26 14:22:35.747650
2025-08-16,SKU0059,STORE09,7.62,7.063428545502058,5.0,1.0,8.0,0.0,0.0,0.2689213930229033,2025-08-26 14:22:35.747650
2025-08-10,SKU0060,STORE06,6.88,2.0,6.0,1.0,8.0,0.0,0.0,0.1889954536176932,2025-08-26 14:22:35.747650
2025-08-11,SKU0060,STORE06,7.01,6.88466658095658,0.0,0.0,8.0,0.0,0.0,0.1889954536176932,2025-08-26 14:22:35.747650
2025-08-12,SKU0060,STORE06,6.57,7.005214215089268,1.0,0.0,8.0,0.0,0.0,0.1889954536176932,2025-08-26 14:22:35.747650
2025-08-13,SKU0060,STORE06,6.64,6.572588596715178,2.0,0.0,8.0,0.0,0.0,0.1889954536176932,2025-08-26 14:22:35.747650
2025-08-14,SKU0060,STORE06,6.78,6.637515242211721,3.0,0.0,8.0,0.0,0.0,0.1889954536176932,2025-08-26 14:22:35.747650
2025-08-15,SKU0060,STORE06,7.76,6.782441343986421,4.0,0.0,8.0,0.0,0.0,0.1889954536176932,2025-08-26 14:22:35.747650
2025-08-16,SKU0060,STORE06,7.66,7.7568148557748025,5.0,1.0,8.0,0.0,0.0,0.1889954536176932,2025-08-26 14:22:35.747650
2025-08-10,SKU0061,STORE07,6.15,9.0,6.0,1.0,8.0,0.0,0.0,0.1487406474154445,2025-08-26 14:22:35.747650
2025-08-11,SKU0061,STORE07,7.37,6.149126755907714,0.0,0.0,8.0,0.0,0.0,0.1487406474154445,2025-08-26 14:22:35.747650
2025-08-12,SKU0061,STORE07,6.4,7.372418843475085,1.0,0.0,8.0,0.0,0.0,0.1487406474154445,2025-08-26 14:22:35.747650
2025-08-13,SKU0061,STORE07,6.65,6.4035962752024735,2.0,0.0,8.0,0.0,0.0,0.1487406474154445,2025-08-26 14:22:35.747650
2025-08-14,SKU0061,STORE07,6.63,6.652299828129234,3.0,0.0,8.0,0.0,0.0,0.1487406474154445,2025-08-26 14:22:35.747650
2025-08-15,SKU0061,STORE07,7.6,6.629792123665366,4.0,0.0,8.0,0.0,0.0,0.1487406474154445,2025-08-26 14:22:35.747650
2025-08-16,SKU0061,STORE07,7.51,7.6041656354537475,5.0,1.0,8.0,0.0,0.0,0.1487406474154445,2025-08-26 14:22:35.747650
2025-08-10,SKU0063,STORE04,6.59,4.0,6.0,1.0,8.0,0.0,0.0,0.8783367761451738,2025-08-26 14:22:35.747650
2025-08-11,SKU0063,STORE04,7.12,6.593504358789446,0.0,0.0,8.0,0.0,0.0,0.8783367761451738,2025-08-26 14:22:35.747650
2025-08-12,SKU0063,STORE04,6.67,7.12352354067884,1.0,0.0,8.0,0.0,0.0,0.8783367761451738,2025-08-26 14:22:35.747650
2025-08-13,SKU0063,STORE04,6.29,6.670978056985543,2.0,0.0,8.0,0.0,0.0,0.8783367761451738,2025-08-26 14:22:35.747650
2025-08-14,SKU0063,STORE04,6.88,6.288031427218435,3.0,0.0,8.0,0.0,0.0,0.8783367761451738,2025-08-26 14:22:35.747650
2025-08-15,SKU0063,STORE04,7.51,6.8816431981569455,4.0,0.0,8.0,0.0,0.0,0.8783367761451738,2025-08-26 14:22:35.747650
2025-08-16,SKU0063,STORE04,7.74,7.513484234013133,5.0,1.0,8.0,0.0,0.0,0.8783367761451738,2025-08-26 14:22:35.747650
2025-08-10,SKU0064,STORE06,5.97,5.0,6.0,1.0,8.0,0.0,0.0,0.3294000804979796,2025-08-26 14:22:35.747650
2025-08-11,SKU0064,STORE06,7.52,5.970815018179218,0.0,0.0,8.0,0.0,0.0,0.3294000804979796,2025-08-26 14:22:35.747650
2025-08-12,SKU0064,STORE06,7.46,7.520333502445892,1.0,0.0,8.0,0.0,0.0,0.3294000804979796,2025-08-26 14:22:35.747650
2025-08-13,SKU0064,STORE06,6.6,7.4614170154868,2.0,0.0,8.0,0.0,0.0,0.3294000804979796,2025-08-26 14:22:35.747650
2025-08-14,SKU0064,STORE06,6.68,6.597646801820417,3.0,0.0,8.0,0.0,0.0,0.3294000804979796,2025-08-26 14:22:35.747650
2025-08-15,SKU0064,STORE06,7.66,6.681912535500398,4.0,0.0,8.0,0.0,0.0,0.3294000804979796,2025-08-26 14:22:35.747650
2025-08-16,SKU0064,STORE06,7.77,7.65628604728878,5.0,1.0,8.0,0.0,0.0,0.3294000804979796,2025-08-26 14:22:35.747650
2025-08-10,SKU0065,STORE03,7.89,6.0,6.0,1.0,8.0,0.0,0.0,0.5615018041401231,2025-08-26 14:22:35.747650
2025-08-11,SKU0065,STORE03,7.42,7.888675544264741,0.0,0.0,8.0,0.0,0.0,0.5615018041401231,2025-08-26 14:22:35.747650
2025-08-12,SKU0065,STORE03,6.58,7.415108696750203,1.0,0.0,8.0,0.0,0.0,0.5615018041401231,2025-08-26 14:22:35.747650
2025-08-13,SKU0065,STORE03,6.61,6.577449864009134,2.0,0.0,8.0,0.0,0.0,0.5615018041401231,2025-08-26 14:22:35.747650
2025-08-14,SKU0065,STORE03,6.82,6.608979622786179,3.0,0.0,8.0,0.0,0.0,0.5615018041401231,2025-08-26 14:22:35.747650
2025-08-15,SKU0065,STORE03,7.8,6.823209684610037,4.0,0.0,8.0,0.0,0.0,0.5615018041401231,2025-08-26 14:22:35.747650
2025-08-16,SKU0065,STORE03,7.76,7.797583196398419,5.0,1.0,8.0,0.0,0.0,0.5615018041401231,2025-08-26 14:22:35.747650
2025-08-10,SKU0066,STORE04,5.27,4.0,6.0,1.0,8.0,0.0,0.0,0.2548452910547145,2025-08-26 14:22:35.747650
2025-08-11,SKU0066,STORE04,8.22,5.2673492911394755,0.0,0.0,8.0,0.0,0.0,0.2548452910547145,2025-08-26 14:22:35.747650
2025-08-12,SKU0066,STORE04,7.2,8.220316533942793,1.0,0.0,8.0,0.0,0.0,0.2548452910547145,2025-08-26 14:22:35.747650
2025-08-13,SKU0066,STORE04,6.73,7.200445899094135,2.0,0.0,8.0,0.0,0.0,0.2548452910547145,2025-08-26 14:22:35.747650
2025-08-14,SKU0066,STORE04,6.83,6.7314710760978995,3.0,0.0,8.0,0.0,0.0,0.2548452910547145,2025-08-26 14:22:35.747650
2025-08-15,SKU0066,STORE04,7.81,6.833016405523509,4.0,0.0,8.0,0.0,0.0,0.2548452910547145,2025-08-26 14:22:35.747650
2025-08-16,SKU0066,STORE04,7.28,7.80738991731189,5.0,1.0,8.0,0.0,0.0,0.2548452910547145,2025-08-26 14:22:35.747650
2025-08-10,SKU0067,STORE03,6.55,9.0,6.0,1.0,8.0,0.0,0.0,0.3011919388421711,2025-08-26 14:22:35.747650
2025-08-11,SKU0067,STORE03,6.81,6.554748533696701,0.0,0.0,8.0,0.0,0.0,0.3011919388421711,2025-08-26 14:22:35.747650
2025-08-12,SKU0067,STORE03,6.52,6.8066951863572065,1.0,0.0,8.0,0.0,0.0,0.3011919388421711,2025-08-26 14:22:35.747650
2025-08-13,SKU0067,STORE03,6.62,6.522078960808873,2.0,0.0,8.0,0.0,0.0,0.3011919388421711,2025-08-26 14:22:35.747650
2025-08-14,SKU0067,STORE03,6.72,6.623377580972212,3.0,0.0,8.0,0.0,0.0,0.3011919388421711,2025-08-26 14:22:35.747650
2025-08-15,SKU0067,STORE03,7.75,6.724922910397821,4.0,0.0,8.0,0.0,0.0,0.3011919388421711,2025-08-26 14:22:35.747650
2025-08-16,SKU0067,STORE03,7.84,7.748420942083457,5.0,1.0,8.0,0.0,0.0,0.3011919388421711,2025-08-26 14:22:35.747650
2025-08-10,SKU0068,STORE07,6.85,2.0,6.0,1.0,8.0,0.0,0.0,0.1571575281931959,2025-08-26 14:22:35.747650
2025-08-11,SKU0068,STORE07,6.88,6.845032561987283,0.0,0.0,8.0,0.0,0.0,0.1571575281931959,2025-08-26 14:22:35.747650
2025-08-12,SKU0068,STORE07,6.55,6.8848803597036365,1.0,0.0,8.0,0.0,0.0,0.1571575281931959,2025-08-26 14:22:35.747650
2025-08-13,SKU0068,STORE07,6.63,6.546918079021109,2.0,0.0,8.0,0.0,0.0,0.1571575281931959,2025-08-26 14:22:35.747650
2025-08-14,SKU0068,STORE07,6.77,6.628187825709301,3.0,0.0,8.0,0.0,0.0,0.1571575281931959,2025-08-26 14:22:35.747650
2025-08-15,SKU0068,STORE07,7.75,6.773113927484001,4.0,0.0,8.0,0.0,0.0,0.1571575281931959,2025-08-26 14:22:35.747650
2025-08-16,SKU0068,STORE07,7.65,7.7474874392723825,5.0,1.0,8.0,0.0,0.0,0.1571575281931959,2025-08-26 14:22:35.747650
2025-08-10,SKU0069,STORE07,6.97,2.0,6.0,1.0,8.0,0.0,0.0,0.3636548722256674,2025-08-26 14:22:35.747650
2025-08-11,SKU0069,STORE07,6.89,6.967306085445563,0.0,0.0,8.0,0.0,0.0,0.3636548722256674,2025-08-26 14:22:35.747650
2025-08-12,SKU0069,STORE07,6.67,6.892022288323621,1.0,0.0,8.0,0.0,0.0,0.3636548722256674,2025-08-26 14:22:35.747650
2025-08-13,SKU0069,STORE07,6.74,6.673336926849509,2.0,0.0,8.0,0.0,0.0,0.3636548722256674,2025-08-26 14:22:35.747650
2025-08-14,SKU0069,STORE07,6.73,6.73874018110524,3.0,0.0,8.0,0.0,0.0,0.3636548722256674,2025-08-26 14:22:35.747650
2025-08-15,SKU0069,STORE07,7.7,6.7261216100415195,4.0,0.0,8.0,0.0,0.0,0.3636548722256674,2025-08-26 14:22:35.747650
2025-08-16,SKU0069,STORE07,7.9,7.700495121829901,5.0,1.0,8.0,0.0,0.0,0.3636548722256674,2025-08-26 14:22:35.747650
2025-08-10,SKU0070,STORE01,6.73,1.0,6.0,1.0,8.0,0.0,0.0,0.996689549353748,2025-08-26 14:22:35.747650
2025-08-11,SKU0070,STORE01,6.84,6.726756853477039,0.0,0.0,8.0,0.0,0.0,0.996689549353748,2025-08-26 14:22:35.747650
2025-08-12,SKU0070,STORE01,6.39,6.840700241501714,1.0,0.0,8.0,0.0,0.0,0.996689549353748,2025-08-26 14:22:35.747650
2025-08-13,SKU0070,STORE01,6.11,6.388154757808417,2.0,0.0,8.0,0.0,0.0,0.996689549353748,2025-08-26 14:22:35.747650
2025-08-14,SKU0070,STORE01,6.6,6.112667200563733,3.0,0.0,8.0,0.0,0.0,0.996689549353748,2025-08-26 14:22:35.747650
2025-08-15,SKU0070,STORE01,7.23,6.598819898979819,4.0,0.0,8.0,0.0,0.0,0.996689549353748,2025-08-26 14:22:35.747650
2025-08-16,SKU0070,STORE01,8.02,7.230660934836007,5.0,1.0,8.0,0.0,0.0,0.996689549353748,2025-08-26 14:22:35.747650
2025-08-10,SKU0072,STORE01,8.56,3.0,6.0,1.0,8.0,0.0,0.0,0.2300135645781127,2025-08-26 14:22:35.747650
2025-08-11,SKU0072,STORE01,6.65,8.56119119834344,0.0,0.0,8.0,0.0,0.0,0.2300135645781127,2025-08-26 14:22:35.747650
2025-08-12,SKU0072,STORE01,6.81,6.654458406028442,1.0,0.0,8.0,0.0,0.0,0.2300135645781127,2025-08-26 14:22:35.747650
2025-08-13,SKU0072,STORE01,6.76,6.8059364943631735,2.0,0.0,8.0,0.0,0.0,0.2300135645781127,2025-08-26 14:22:35.747650
2025-08-14,SKU0072,STORE01,6.82,6.759511144622109,3.0,0.0,8.0,0.0,0.0,0.2300135645781127,2025-08-26 14:22:35.747650
2025-08-15,SKU0072,STORE01,7.79,6.819956315203752,4.0,0.0,8.0,0.0,0.0,0.2300135645781127,2025-08-26 14:22:35.747650
2025-08-16,SKU0072,STORE01,7.68,7.794329826992134,5.0,1.0,8.0,0.0,0.0,0.2300135645781127,2025-08-26 14:22:35.747650
2025-08-10,SKU0073,STORE05,5.74,5.0,6.0,1.0,8.0,0.0,0.0,0.1961674890990278,2025-08-26 14:22:35.747650
2025-08-11,SKU0073,STORE05,7.89,5.738261792489356,0.0,0.0,8.0,0.0,0.0,0.1961674890990278,2025-08-26 14:22:35.747650
2025-08-12,SKU0073,STORE05,7.51,7.892503494379025,1.0,0.0,8.0,0.0,0.0,0.1961674890990278,2025-08-26 14:22:35.747650
2025-08-13,SKU0073,STORE05,7.2,7.506059649049592,2.0,0.0,8.0,0.0,0.0,0.1961674890990278,2025-08-26 14:22:35.747650
2025-08-14,SKU0073,STORE05,6.83,7.201869917651451,3.0,0.0,8.0,0.0,0.0,0.1961674890990278,2025-08-26 14:22:35.747650
2025-08-15,SKU0073,STORE05,7.8,6.825639236408134,4.0,0.0,8.0,0.0,0.0,0.1961674890990278,2025-08-26 14:22:35.747650
2025-08-16,SKU0073,STORE05,7.67,7.800012748196515,5.0,1.0,8.0,0.0,0.0,0.1961674890990278,2025-08-26 14:22:35.747650
2025-08-10,SKU0074,STORE08,8.56,3.0,6.0,1.0,8.0,0.0,0.0,0.2023371887265738,2025-08-26 14:22:35.747650
2025-08-11,SKU0074,STORE08,6.45,8.558184839866339,0.0,0.0,8.0,0.0,0.0,0.2023371887265738,2025-08-26 14:22:35.747650
2025-08-12,SKU0074,STORE08,6.77,6.452427916838863,1.0,0.0,8.0,0.0,0.0,0.2023371887265738,2025-08-26 14:22:35.747650
2025-08-13,SKU0074,STORE08,6.67,6.767689826360241,2.0,0.0,8.0,0.0,0.0,0.2023371887265738,2025-08-26 14:22:35.747650
2025-08-14,SKU0074,STORE08,6.82,6.67268867637024,3.0,0.0,8.0,0.0,0.0,0.2023371887265738,2025-08-26 14:22:35.747650
2025-08-15,SKU0074,STORE08,7.79,6.817614778144939,4.0,0.0,8.0,0.0,0.0,0.2023371887265738,2025-08-26 14:22:35.747650
2025-08-16,SKU0074,STORE08,7.78,7.791988289933321,5.0,1.0,8.0,0.0,0.0,0.2023371887265738,2025-08-26 14:22:35.747650
2025-08-10,SKU0075,STORE01,5.31,4.0,6.0,1.0,8.0,0.0,0.0,0.1994067768215096,2025-08-26 14:22:35.747650
2025-08-11,SKU0075,STORE01,8.55,5.309561060700304,0.0,0.0,8.0,0.0,0.0,0.1994067768215096,2025-08-26 14:22:35.747650
2025-08-12,SKU0075,STORE01,6.65,8.552000948259737,1.0,0.0,8.0,0.0,0.0,0.1994067768215096,2025-08-26 14:22:35.747650
2025-08-13,SKU0075,STORE01,6.68,6.646721740744485,2.0,0.0,8.0,0.0,0.0,0.1994067768215096,2025-08-26 14:22:35.747650
2025-08-14,SKU0075,STORE01,6.83,6.680713134633434,3.0,0.0,8.0,0.0,0.0,0.1994067768215096,2025-08-26 14:22:35.747650
2025-08-15,SKU0075,STORE01,7.8,6.825639236408134,4.0,0.0,8.0,0.0,0.0,0.1994067768215096,2025-08-26 14:22:35.747650
2025-08-16,SKU0075,STORE01,7.67,7.800012748196515,5.0,1.0,8.0,0.0,0.0,0.1994067768215096,2025-08-26 14:22:35.747650
2025-08-10,SKU0076,STORE10,5.92,9.0,6.0,1.0,8.0,0.0,0.0,0.116146204881816,2025-08-26 14:22:35.747650
2025-08-11,SKU0076,STORE10,6.97,5.918392091726839,0.0,0.0,8.0,0.0,0.0,0.116146204881816,2025-08-26 14:22:35.747650
2025-08-12,SKU0076,STORE10,5.94,6.965781645230564,1.0,0.0,8.0,0.0,0.0,0.116146204881816,2025-08-26 14:22:35.747650
2025-08-13,SKU0076,STORE10,6.25,5.937964023661451,2.0,0.0,8.0,0.0,0.0,0.116146204881816,2025-08-26 14:22:35.747650
2025-08-14,SKU0076,STORE10,6.27,6.250247778326109,3.0,0.0,8.0,0.0,0.0,0.116146204881816,2025-08-26 14:22:35.747650
2025-08-15,SKU0076,STORE10,6.68,6.271663152457615,4.0,0.0,8.0,0.0,0.0,0.116146204881816,2025-08-26 14:22:35.747650
2025-08-16,SKU0076,STORE10,7.25,6.678298405995795,5.0,1.0,8.0,0.0,0.0,0.116146204881816,2025-08-26 14:22:35.747650
2025-08-10,SKU0077,STORE02,6.9,8.0,6.0,1.0,8.0,0.0,0.0,0.292881044697309,2025-08-26 14:22:35.747650
2025-08-11,SKU0077,STORE02,6.97,6.9022709625471945,0.0,0.0,8.0,0.0,0.0,0.292881044697309,2025-08-26 14:22:35.747650
2025-08-12,SKU0077,STORE02,6.69,6.971300241302832,1.0,0.0,8.0,0.0,0.0,0.292881044697309,2025-08-26 14:22:35.747650
2025-08-13,SKU0077,STORE02,6.81,6.686684015754499,2.0,0.0,8.0,0.0,0.0,0.292881044697309,2025-08-26 14:22:35.747650
2025-08-14,SKU0077,STORE02,7.05,6.811334534791782,3.0,0.0,8.0,0.0,0.0,0.292881044697309,2025-08-26 14:22:35.747650
2025-08-15,SKU0077,STORE02,8.02,7.048883492886191,4.0,0.0,8.0,0.0,0.0,0.292881044697309,2025-08-26 14:22:35.747650
2025-08-16,SKU0077,STORE02,7.65,8.023257004674575,5.0,1.0,8.0,0.0,0.0,0.292881044697309,2025-08-26 14:22:35.747650
2025-08-10,SKU0078,STORE02,8.02,3.0,6.0,1.0,8.0,0.0,0.0,0.0768201856204539,2025-08-26 14:22:35.747650
2025-08-11,SKU0078,STORE02,6.11,8.02107867426037,0.0,0.0,8.0,0.0,0.0,0.0768201856204539,2025-08-26 14:22:35.747650
2025-08-12,SKU0078,STORE02,5.48,6.111656174897143,1.0,0.0,8.0,0.0,0.0,0.0768201856204539,2025-08-26 14:22:35.747650
2025-08-13,SKU0078,STORE02,3.72,5.482087252309051,2.0,0.0,8.0,0.0,0.0,0.0768201856204539,2025-08-26 14:22:35.747650
2025-08-14,SKU0078,STORE02,3.88,3.7175935487394542,3.0,0.0,8.0,0.0,0.0,0.0768201856204539,2025-08-26 14:22:35.747650
2025-08-15,SKU0078,STORE02,6.2,3.8815503623717507,4.0,0.0,8.0,0.0,0.0,0.0768201856204539,2025-08-26 14:22:35.747650
2025-08-16,SKU0078,STORE02,8.06,6.196401326110405,5.0,1.0,8.0,0.0,0.0,0.0768201856204539,2025-08-26 14:22:35.747650
2025-08-10,SKU0079,STORE01,7.32,7.0,6.0,1.0,8.0,0.0,0.0,0.4017652487566623,2025-08-26 14:22:35.747650
2025-08-11,SKU0079,STORE01,6.89,7.32446778600308,0.0,0.0,8.0,0.0,0.0,0.4017652487566623,2025-08-26 14:22:35.747650
2025-08-12,SKU0079,STORE01,6.67,6.893281153142218,1.0,0.0,8.0,0.0,0.0,0.4017652487566623,2025-08-26 14:22:35.747650
2025-08-13,SKU0079,STORE01,6.77,6.674595791668106,2.0,0.0,8.0,0.0,0.0,0.4017652487566623,2025-08-26 14:22:35.747650
2025-08-14,SKU0079,STORE01,6.89,6.774147959858979,3.0,0.0,8.0,0.0,0.0,0.4017652487566623,2025-08-26 14:22:35.747650
2025-08-15,SKU0079,STORE01,7.86,6.888477492319523,4.0,0.0,8.0,0.0,0.0,0.4017652487566623,2025-08-26 14:22:35.747650
2025-08-16,SKU0079,STORE01,8.0,7.862851004107904,5.0,1.0,8.0,0.0,0.0,0.4017652487566623,2025-08-26 14:22:35.747650
2025-08-10,SKU0081,STORE05,8.64,3.0,6.0,1.0,8.0,0.0,0.0,0.3112282743098608,2025-08-26 14:22:35.747650
2025-08-11,SKU0081,STORE05,6.46,8.638526299966308,0.0,0.0,8.0,0.0,0.0,0.3112282743098608,2025-08-26 14:22:35.747650
2025-08-12,SKU0081,STORE05,6.64,6.461977661039948,1.0,0.0,8.0,0.0,0.0,0.3112282743098608,2025-08-26 14:22:35.747650
2025-08-13,SKU0081,STORE05,6.62,6.636170117180693,2.0,0.0,8.0,0.0,0.0,0.3112282743098608,2025-08-26 14:22:35.747650
2025-08-14,SKU0081,STORE05,6.72,6.623377580972212,3.0,0.0,8.0,0.0,0.0,0.3112282743098608,2025-08-26 14:22:35.747650
2025-08-15,SKU0081,STORE05,7.75,6.724922910397821,4.0,0.0,8.0,0.0,0.0,0.3112282743098608,2025-08-26 14:22:35.747650
2025-08-16,SKU0081,STORE05,7.84,7.748420942083457,5.0,1.0,8.0,0.0,0.0,0.3112282743098608,2025-08-26 14:22:35.747650
2025-08-10,SKU0083,STORE06,5.76,9.0,6.0,1.0,8.0,0.0,0.0,0.0819600756472807,2025-08-26 14:22:35.747650
2025-08-11,SKU0083,STORE06,6.35,5.755333906032839,0.0,0.0,8.0,0.0,0.0,0.0819600756472807,2025-08-26 14:22:35.747650
2025-08-12,SKU0083,STORE06,5.48,6.34759842740834,1.0,0.0,8.0,0.0,0.0,0.0819600756472807,2025-08-26 14:22:35.747650
2025-08-13,SKU0083,STORE06,3.72,5.482087252309051,2.0,0.0,8.0,0.0,0.0,0.0819600756472807,2025-08-26 14:22:35.747650
2025-08-14,SKU0083,STORE06,3.88,3.7175935487394542,3.0,0.0,8.0,0.0,0.0,0.0819600756472807,2025-08-26 14:22:35.747650
2025-08-15,SKU0083,STORE06,6.2,3.8815503623717507,4.0,0.0,8.0,0.0,0.0,0.0819600756472807,2025-08-26 14:22:35.747650
2025-08-16,SKU0083,STORE06,8.06,6.196401326110405,5.0,1.0,8.0,0.0,0.0,0.0819600756472807,2025-08-26 14:22:35.747650
2025-08-10,SKU0084,STORE07,7.86,3.0,6.0,1.0,8.0,0.0,0.0,0.8461742223102917,2025-08-26 14:22:35.747650
2025-08-11,SKU0084,STORE07,6.62,7.861788160087183,0.0,0.0,8.0,0.0,0.0,0.8461742223102917,2025-08-26 14:22:35.747650
2025-08-12,SKU0084,STORE07,6.01,6.616641376595288,1.0,0.0,8.0,0.0,0.0,0.8461742223102917,2025-08-26 14:22:35.747650
2025-08-13,SKU0084,STORE07,5.59,6.00690814639258,2.0,0.0,8.0,0.0,0.0,0.8461742223102917,2025-08-26 14:22:35.747650
2025-08-14,SKU0084,STORE07,5.77,5.5898870771344935,3.0,0.0,8.0,0.0,0.0,0.8461742223102917,2025-08-26 14:22:35.747650
2025-08-15,SKU0084,STORE07,6.16,5.76839939616061,4.0,0.0,8.0,0.0,0.0,0.8461742223102917,2025-08-26 14:22:35.747650
2025-08-16,SKU0084,STORE07,7.29,6.158783022373211,5.0,1.0,8.0,0.0,0.0,0.8461742223102917,2025-08-26 14:22:35.747650
2025-08-10,SKU0085,STORE02,6.73,8.0,6.0,1.0,8.0,0.0,0.0,0.5891376298107374,2025-08-26 14:22:35.747650
2025-08-11,SKU0085,STORE02,6.81,6.73434469165151,0.0,0.0,8.0,0.0,0.0,0.5891376298107374,2025-08-26 14:22:35.747650
2025-08-12,SKU0085,STORE02,6.67,6.813435701232694,1.0,0.0,8.0,0.0,0.0,0.5891376298107374,2025-08-26 14:22:35.747650
2025-08-13,SKU0085,STORE02,6.7,6.668129132442547,2.0,0.0,8.0,0.0,0.0,0.5891376298107374,2025-08-26 14:22:35.747650
2025-08-14,SKU0085,STORE02,6.82,6.699658891219592,3.0,0.0,8.0,0.0,0.0,0.5891376298107374,2025-08-26 14:22:35.747650
2025-08-15,SKU0085,STORE02,7.63,6.818649903053049,4.0,0.0,8.0,0.0,0.0,0.5891376298107374,2025-08-26 14:22:35.747650
2025-08-16,SKU0085,STORE02,7.62,7.625071187784475,5.0,1.0,8.0,0.0,0.0,0.5891376298107374,2025-08-26 14:22:35.747650
2025-08-10,SKU0086,STORE02,6.94,7.0,6.0,1.0,8.0,0.0,0.0,0.1862182741121416,2025-08-26 14:22:35.747650
2025-08-11,SKU0086,STORE02,6.99,6.943547740643083,0.0,0.0,8.0,0.0,0.0,0.1862182741121416,2025-08-26 14:22:35.747650
2025-08-12,SKU0086,STORE02,6.55,6.986076066789626,1.0,0.0,8.0,0.0,0.0,0.1862182741121416,2025-08-26 14:22:35.747650
2025-08-13,SKU0086,STORE02,6.63,6.5534504484155365,2.0,0.0,8.0,0.0,0.0,0.1862182741121416,2025-08-26 14:22:35.747650
2025-08-14,SKU0086,STORE02,6.78,6.634720195103729,3.0,0.0,8.0,0.0,0.0,0.1862182741121416,2025-08-26 14:22:35.747650
2025-08-15,SKU0086,STORE02,7.75,6.779646296878429,4.0,0.0,8.0,0.0,0.0,0.1862182741121416,2025-08-26 14:22:35.747650
2025-08-16,SKU0086,STORE02,7.66,7.75401980866681,5.0,1.0,8.0,0.0,0.0,0.1862182741121416,2025-08-26 14:22:35.747650
2025-08-10,SKU0087,STORE10,7.49,6.0,6.0,1.0,8.0,0.0,0.0,0.3373732436985343,2025-08-26 14:22:35.747650
2025-08-11,SKU0087,STORE10,6.7,7.485587813168165,0.0,0.0,8.0,0.0,0.0,0.3373732436985343,2025-08-26 14:22:35.747650
2025-08-12,SKU0087,STORE10,6.42,6.703304704637137,1.0,0.0,8.0,0.0,0.0,0.3373732436985343,2025-08-26 14:22:35.747650
2025-08-13,SKU0087,STORE10,6.63,6.418688479088804,2.0,0.0,8.0,0.0,0.0,0.3373732436985343,2025-08-26 14:22:35.747650
2025-08-14,SKU0087,STORE10,6.54,6.62702262126491,3.0,0.0,8.0,0.0,0.0,0.3373732436985343,2025-08-26 14:22:35.747650
2025-08-15,SKU0087,STORE10,7.52,6.542385028384645,4.0,0.0,8.0,0.0,0.0,0.3373732436985343,2025-08-26 14:22:35.747650
2025-08-16,SKU0087,STORE10,7.65,7.516758540173027,5.0,1.0,8.0,0.0,0.0,0.3373732436985343,2025-08-26 14:22:35.747650
2025-08-10,SKU0088,STORE10,6.29,9.0,6.0,1.0,8.0,0.0,0.0,0.680359508051037,2025-08-26 14:22:35.747650
2025-08-11,SKU0088,STORE10,7.78,6.294870509897028,0.0,0.0,8.0,0.0,0.0,0.680359508051037,2025-08-26 14:22:35.747650
2025-08-12,SKU0088,STORE10,7.34,7.778001530826708,1.0,0.0,8.0,0.0,0.0,0.680359508051037,2025-08-26 14:22:35.747650
2025-08-13,SKU0088,STORE10,6.33,7.34105213070947,2.0,0.0,8.0,0.0,0.0,0.680359508051037,2025-08-26 14:22:35.747650
2025-08-14,SKU0088,STORE10,6.52,6.3307414372997055,3.0,0.0,8.0,0.0,0.0,0.680359508051037,2025-08-26 14:22:35.747650
2025-08-15,SKU0088,STORE10,7.54,6.515577898060394,4.0,0.0,8.0,0.0,0.0,0.680359508051037,2025-08-26 14:22:35.747650
2025-08-16,SKU0088,STORE10,8.03,7.544921528944409,5.0,1.0,8.0,0.0,0.0,0.680359508051037,2025-08-26 14:22:35.747650
2025-08-10,SKU0089,STORE09,7.35,7.0,6.0,1.0,8.0,0.0,0.0,0.2259883535946249,2025-08-26 14:22:35.747650
2025-08-11,SKU0089,STORE09,7.24,7.349310012036352,0.0,0.0,8.0,0.0,0.0,0.2259883535946249,2025-08-26 14:22:35.747650
2025-08-12,SKU0089,STORE09,6.81,7.238562112737263,1.0,0.0,8.0,0.0,0.0,0.2259883535946249,2025-08-26 14:22:35.747650
2025-08-13,SKU0089,STORE09,6.76,6.8059364943631735,2.0,0.0,8.0,0.0,0.0,0.2259883535946249,2025-08-26 14:22:35.747650
2025-08-14,SKU0089,STORE09,6.82,6.759511144622109,3.0,0.0,8.0,0.0,0.0,0.2259883535946249,2025-08-26 14:22:35.747650
2025-08-15,SKU0089,STORE09,7.79,6.819956315203752,4.0,0.0,8.0,0.0,0.0,0.2259883535946249,2025-08-26 14:22:35.747650
2025-08-16,SKU0089,STORE09,7.68,7.794329826992134,5.0,1.0,8.0,0.0,0.0,0.2259883535946249,2025-08-26 14:22:35.747650
2025-08-10,SKU0090,STORE10,5.56,5.0,6.0,1.0,8.0,0.0,0.0,0.0718738174556048,2025-08-26 14:22:35.747650
2025-08-11,SKU0090,STORE10,6.69,5.564091786386216,0.0,0.0,8.0,0.0,0.0,0.0718738174556048,2025-08-26 14:22:35.747650
2025-08-12,SKU0090,STORE10,5.52,6.692491308570103,1.0,0.0,8.0,0.0,0.0,0.0718738174556048,2025-08-26 14:22:35.747650
2025-08-13,SKU0090,STORE10,5.76,5.5162183906596,2.0,0.0,8.0,0.0,0.0,0.0718738174556048,2025-08-26 14:22:35.747650
2025-08-14,SKU0090,STORE10,5.78,5.758390369313603,3.0,0.0,8.0,0.0,0.0,0.0718738174556048,2025-08-26 14:22:35.747650
2025-08-15,SKU0090,STORE10,6.35,5.779805743445109,4.0,0.0,8.0,0.0,0.0,0.0718738174556048,2025-08-26 14:22:35.747650
2025-08-16,SKU0090,STORE10,7.57,6.351115619240165,5.0,1.0,8.0,0.0,0.0,0.0718738174556048,2025-08-26 14:22:35.747650
2025-08-10,SKU0091,STORE10,5.4,10.0,6.0,1.0,8.0,0.0,0.0,0.0466589043534631,2025-08-26 14:22:35.747650
2025-08-11,SKU0091,STORE10,7.83,5.398861883974878,0.0,0.0,8.0,0.0,0.0,0.0466589043534631,2025-08-26 14:22:35.747650
2025-08-12,SKU0091,STORE10,7.19,7.831674002584887,1.0,0.0,8.0,0.0,0.0,0.0466589043534631,2025-08-26 14:22:35.747650
2025-08-13,SKU0091,STORE10,6.52,7.187628590549792,2.0,0.0,8.0,0.0,0.0,0.0466589043534631,2025-08-26 14:22:35.747650
2025-08-14,SKU0091,STORE10,6.57,6.521688228896082,3.0,0.0,8.0,0.0,0.0,0.0466589043534631,2025-08-26 14:22:35.747650
2025-08-15,SKU0091,STORE10,7.55,6.571525651100039,4.0,0.0,8.0,0.0,0.0,0.0466589043534631,2025-08-26 14:22:35.747650
2025-08-16,SKU0091,STORE10,7.32,7.545550560081723,5.0,1.0,8.0,0.0,0.0,0.0466589043534631,2025-08-26 14:22:35.747650
2025-08-10,SKU0092,STORE07,6.68,1.0,6.0,1.0,8.0,0.0,0.0,0.4924391298277557,2025-08-26 14:22:35.747650
2025-08-11,SKU0092,STORE07,6.64,6.683586040223067,0.0,0.0,8.0,0.0,0.0,0.4924391298277557,2025-08-26 14:22:35.747650
2025-08-12,SKU0092,STORE07,6.46,6.642221506501333,1.0,0.0,8.0,0.0,0.0,0.4924391298277557,2025-08-26 14:22:35.747650
2025-08-13,SKU0092,STORE07,6.66,6.462841722102718,2.0,0.0,8.0,0.0,0.0,0.4924391298277557,2025-08-26 14:22:35.747650
2025-08-14,SKU0092,STORE07,6.61,6.663209972828446,3.0,0.0,8.0,0.0,0.0,0.4924391298277557,2025-08-26 14:22:35.747650
2025-08-15,SKU0092,STORE07,7.58,6.610105699050423,4.0,0.0,8.0,0.0,0.0,0.4924391298277557,2025-08-26 14:22:35.747650
2025-08-16,SKU0092,STORE07,7.77,7.584479210838804,5.0,1.0,8.0,0.0,0.0,0.4924391298277557,2025-08-26 14:22:35.747650
2025-08-10,SKU0093,STORE06,7.38,7.0,6.0,1.0,8.0,0.0,0.0,0.5632311509465375,2025-08-26 14:22:35.747650
2025-08-11,SKU0093,STORE06,6.64,7.376551756008234,0.0,0.0,8.0,0.0,0.0,0.5632311509465375,2025-08-26 14:22:35.747650
2025-08-12,SKU0093,STORE06,6.46,6.643206682675159,1.0,0.0,8.0,0.0,0.0,0.5632311509465375,2025-08-26 14:22:35.747650
2025-08-13,SKU0093,STORE06,6.66,6.463826898276545,2.0,0.0,8.0,0.0,0.0,0.5632311509465375,2025-08-26 14:22:35.747650
2025-08-14,SKU0093,STORE06,6.72,6.662790463292157,3.0,0.0,8.0,0.0,0.0,0.5632311509465375,2025-08-26 14:22:35.747650
2025-08-15,SKU0093,STORE06,7.7,6.7207207929609964,4.0,0.0,8.0,0.0,0.0,0.5632311509465375,2025-08-26 14:22:35.747650
2025-08-16,SKU0093,STORE06,7.76,7.6991423566496815,5.0,1.0,8.0,0.0,0.0,0.5632311509465375,2025-08-26 14:22:35.747650
2025-08-10,SKU0095,STORE02,6.18,10.0,6.0,1.0,8.0,0.0,0.0,0.6733528881927543,2025-08-26 14:22:35.747650
2025-08-11,SKU0095,STORE02,7.8,6.176059156371088,0.0,0.0,8.0,0.0,0.0,0.6733528881927543,2025-08-26 14:22:35.747650
2025-08-12,SKU0095,STORE02,7.37,7.80321775728831,1.0,0.0,8.0,0.0,0.0,0.6733528881927543,2025-08-26 14:22:35.747650
2025-08-13,SKU0095,STORE02,6.52,7.366268357171073,2.0,0.0,8.0,0.0,0.0,0.6733528881927543,2025-08-26 14:22:35.747650
2025-08-14,SKU0095,STORE02,6.8,6.51697227273805,3.0,0.0,8.0,0.0,0.0,0.6733528881927543,2025-08-26 14:22:35.747650
2025-08-15,SKU0095,STORE02,7.73,6.79628991588769,4.0,0.0,8.0,0.0,0.0,0.6733528881927543,2025-08-26 14:22:35.747650
2025-08-16,SKU0095,STORE02,8.4,7.731152364382753,5.0,1.0,8.0,0.0,0.0,0.6733528881927543,2025-08-26 14:22:35.747650
2025-08-10,SKU0096,STORE09,6.79,6.0,6.0,1.0,8.0,0.0,0.0,0.0965360244404031,2025-08-26 14:22:35.747650
2025-08-11,SKU0096,STORE09,6.15,6.79007110369855,0.0,0.0,8.0,0.0,0.0,0.0965360244404031,2025-08-26 14:22:35.747650
2025-08-12,SKU0096,STORE09,6.36,6.153335964991019,1.0,0.0,8.0,0.0,0.0,0.0965360244404031,2025-08-26 14:22:35.747650
2025-08-13,SKU0096,STORE09,6.32,6.3576694987944995,2.0,0.0,8.0,0.0,0.0,0.0965360244404031,2025-08-26 14:22:35.747650
2025-08-14,SKU0096,STORE09,6.34,6.316990742928804,3.0,0.0,8.0,0.0,0.0,0.0965360244404031,2025-08-26 14:22:35.747650
2025-08-15,SKU0096,STORE09,6.71,6.33840611706031,4.0,0.0,8.0,0.0,0.0,0.0965360244404031,2025-08-26 14:22:35.747650
2025-08-16,SKU0096,STORE09,6.81,6.7146245814251575,5.0,1.0,8.0,0.0,0.0,0.0965360244404031,2025-08-26 14:22:35.747650
2025-08-10,SKU0097,STORE02,7.41,1.0,6.0,1.0,8.0,0.0,0.0,0.3219328720425075,2025-08-26 14:22:35.747650
2025-08-11,SKU0097,STORE02,6.97,7.414864404590792,0.0,0.0,8.0,0.0,0.0,0.3219328720425075,2025-08-26 14:22:35.747650
2025-08-12,SKU0097,STORE02,6.69,6.972885814793109,1.0,0.0,8.0,0.0,0.0,0.3219328720425075,2025-08-26 14:22:35.747650
2025-08-13,SKU0097,STORE02,6.82,6.688269589244776,2.0,0.0,8.0,0.0,0.0,0.3219328720425075,2025-08-26 14:22:35.747650
2025-08-14,SKU0097,STORE02,6.9,6.815226998151302,3.0,0.0,8.0,0.0,0.0,0.3219328720425075,2025-08-26 14:22:35.747650
2025-08-15,SKU0097,STORE02,7.87,6.899492731831283,4.0,0.0,8.0,0.0,0.0,0.3219328720425075,2025-08-26 14:22:35.747650
2025-08-16,SKU0097,STORE02,7.99,7.8738662436196645,5.0,1.0,8.0,0.0,0.0,0.3219328720425075,2025-08-26 14:22:35.747650
2025-08-10,SKU0099,STORE09,6.94,7.0,6.0,1.0,8.0,0.0,0.0,0.1686248704476273,2025-08-26 14:22:35.747650
2025-08-11,SKU0099,STORE09,6.88,6.943547740643083,0.0,0.0,8.0,0.0,0.0,0.1686248704476273,2025-08-26 14:22:35.747650
2025-08-12,SKU0099,STORE09,6.55,6.8848803597036365,1.0,0.0,8.0,0.0,0.0,0.1686248704476273,2025-08-26 14:22:35.747650
2025-08-13,SKU0099,STORE09,6.63,6.546918079021109,2.0,0.0,8.0,0.0,0.0,0.1686248704476273,2025-08-26 14:22:35.747650
2025-08-14,SKU0099,STORE09,6.77,6.628187825709301,3.0,0.0,8.0,0.0,0.0,0.1686248704476273,2025-08-26 14:22:35.747650
2025-08-15,SKU0099,STORE09,7.75,6.773113927484001,4.0,0.0,8.0,0.0,0.0,0.1686248704476273,2025-08-26 14:22:35.747650
2025-08-16,SKU0099,STORE09,7.65,7.7474874392723825,5.0,1.0,8.0,0.0,0.0,0.1686248704476273,2025-08-26 14:22:35.747650
2025-08-10,SKU0100,STORE04,7.43,7.0,6.0,1.0,8.0,0.0,0.0,0.2116868438310589,2025-08-26 14:22:35.747650
2025-08-11,SKU0100,STORE04,6.99,7.43183119336626,0.0,0.0,8.0,0.0,0.0,0.2116868438310589,2025-08-26 14:22:35.747650
2025-08-12,SKU0100,STORE04,6.55,6.985378517640521,1.0,0.0,8.0,0.0,0.0,0.2116868438310589,2025-08-26 14:22:35.747650
2025-08-13,SKU0100,STORE04,6.63,6.552752899266432,2.0,0.0,8.0,0.0,0.0,0.2116868438310589,2025-08-26 14:22:35.747650
2025-08-14,SKU0100,STORE04,6.82,6.634022645954625,3.0,0.0,8.0,0.0,0.0,0.2116868438310589,2025-08-26 14:22:35.747650
2025-08-15,SKU0100,STORE04,7.79,6.817474370611846,4.0,0.0,8.0,0.0,0.0,0.2116868438310589,2025-08-26 14:22:35.747650
2025-08-16,SKU0100,STORE04,7.78,7.791847882400227,5.0,1.0,8.0,0.0,0.0,0.2116868438310589,2025-08-26 14:22:35.747650
