{
  "name": "DSCE Demo-dialog",
  "type": "dialog",
  "valid": true,
  "counts": {
    "intents": 0,
    "entities": 0,
    "dialog_nodes": 34
  },
  "status": "Available",
  "created": "2024-04-17T09:34:58.263Z",
  "updated": "2024-04-17T09:34:58.263Z",
  "language": "en",
  "skill_id": "2ba01c51-e24b-4c87-b0e0-01ecaaf21781",
  "snapshot": "4",
  "workspace": {
    "created": "2024-04-17T09:34:58.263Z",
    "intents": [],
    "updated": "2024-04-17T09:34:58.263Z",
    "entities": [],
    "language": "en",
    "metadata": {
      "skill": {
        "counts": {
          "intents": 0,
          "entities": 0,
          "dialog_nodes": 34
        }
      },
      "api_version": {
        "major_version": "v2",
        "minor_version": "2018-11-08"
      }
    },
    "dialog_nodes": [
      {
        "type": "standard",
        "title": "Anything else",
        "output": {
          "generic": [
            {
              "values": [
                {
                  "text": "I didn't understand. You can try rephrasing."
                },
                {
                  "text": "Can you reword your statement? I'm not understanding."
                },
                {
                  "text": "I didn't get your meaning."
                }
              ],
              "response_type": "text",
              "selection_policy": "sequential"
            }
          ]
        },
        "created": "2024-04-17T09:34:58.506Z",
        "updated": "2024-04-17T09:34:58.506Z",
        "conditions": "anything_else",
        "dialog_node": "Anything else",
        "previous_sibling": "node_3_1693413642559",
        "disambiguation_opt_out": true
      },
      {
        "type": "standard",
        "title": "Sara: Hello, I'm interested in learning",
        "output": {
          "generic": [
            {
              "time": 3000,
              "typing": true,
              "response_type": "pause"
            },
            {
              "values": [
                {
                  "text": "<b>Sara:</b> Hello, I'm interested in learning more about the insurance policy you offer. Could you please tell me about the coverage and benefits it provides?"
                }
              ],
              "response_type": "text",
              "selection_policy": "sequential"
            }
          ]
        },
        "parent": "Welcome",
        "created": "2024-04-17T09:34:58.506Z",
        "updated": "2024-04-17T09:34:58.506Z",
        "next_step": {
          "behavior": "jump_to",
          "selector": "body",
          "dialog_node": "node_3_1693405487709"
        },
        "conditions": "",
        "dialog_node": "node_10_1693410243044",
        "previous_sibling": "node_8_1693413972368"
      },
      {
        "type": "standard",
        "title": "Sara: That sounds good. Now, is there a copayment",
        "output": {
          "generic": [
            {
              "time": 1000,
              "typing": true,
              "response_type": "pause"
            },
            {
              "values": [
                {
                  "text": "<b>Sara:</b> That sounds good. Now, is there a copayment involved in this policy?"
                }
              ],
              "response_type": "text",
              "selection_policy": "sequential"
            }
          ]
        },
        "parent": "Welcome",
        "created": "2024-04-17T09:34:58.506Z",
        "updated": "2024-04-17T09:34:58.506Z",
        "next_step": {
          "behavior": "jump_to",
          "selector": "body",
          "dialog_node": "node_5_1693411026526"
        },
        "dialog_node": "node_10_1693410971749",
        "previous_sibling": "node_3_1693405487709"
      },
      {
        "type": "standard",
        "title": "Sara: Alright, thanks for clarifying that",
        "output": {
          "generic": [
            {
              "time": 1000,
              "typing": true,
              "response_type": "pause"
            },
            {
              "values": [
                {
                  "text": "<b>Sara:</b> Alright, thanks for clarifying that. Could you tell me about the policy renewal period?"
                }
              ],
              "response_type": "text",
              "selection_policy": "sequential"
            }
          ]
        },
        "parent": "Welcome",
        "created": "2024-04-17T09:34:58.506Z",
        "updated": "2024-04-17T09:34:58.506Z",
        "next_step": {
          "behavior": "jump_to",
          "selector": "body",
          "dialog_node": "node_9_1693411530876"
        },
        "dialog_node": "node_10_1693411525444",
        "previous_sibling": "node_1_1693411522521"
      },
      {
        "type": "standard",
        "title": "John: Certainly! In the 77001 area",
        "output": {
          "generic": [
            {
              "time": 1000,
              "typing": true,
              "response_type": "pause"
            },
            {
              "values": [
                {
                  "text": "<b>John:</b> Certainly! In the 77001 area, we have TEXAS HEALTHCARE CENTER as one of the network hospitals where you can avail cashless treatment as per the terms of your policy."
                }
              ],
              "response_type": "text",
              "selection_policy": "sequential"
            }
          ]
        },
        "parent": "Welcome",
        "created": "2024-04-17T09:34:58.506Z",
        "updated": "2024-04-17T09:34:58.506Z",
        "next_step": {
          "behavior": "jump_to",
          "selector": "body",
          "dialog_node": "node_1_1693411705352"
        },
        "dialog_node": "node_10_1693411702869",
        "previous_sibling": "node_5_1693411700074"
      },
      {
        "type": "standard",
        "title": "Summarise using watsonx",
        "parent": "node_3_1693413642559",
        "actions": [
          {
            "name": "action_24672-2",
            "type": "assistant_action",
            "parameters": {},
            "result_variable": "action_result_1",
            "assistant_action_settings": {
              "use_global_variables": true,
              "lookup_action_by_title": false
            }
          }
        ],
        "created": "2024-04-17T09:34:58.506Z",
        "updated": "2024-04-17T09:34:58.506Z",
        "metadata": {
          "_customization": {
            "mcr": true
          }
        },
        "next_step": {
          "behavior": "jump_to",
          "selector": "body",
          "dialog_node": "node_4_1693813244551"
        },
        "conditions": "",
        "dialog_node": "node_10_1693413930883",
        "previous_sibling": "node_9_1693416991068"
      },
      {
        "type": "standard",
        "title": "Split",
        "output": {
          "generic": [
            {
              "values": [
                {
                  "text": "<span><? $split_entities.join('<br/>') ?></span>"
                }
              ],
              "response_type": "text",
              "selection_policy": "sequential"
            }
          ]
        },
        "parent": "node_5_1693415339449",
        "context": {
          "split_entities": "<? $chat_entities.split(', ') ?>"
        },
        "created": "2024-04-17T09:34:58.506Z",
        "updated": "2024-04-17T09:34:58.506Z",
        "conditions": "true",
        "dialog_node": "node_10_1693548407024"
      },
      {
        "type": "standard",
        "title": "John: I'm sorry, but dental treatment",
        "output": {
          "generic": [
            {
              "time": 1000,
              "typing": true,
              "response_type": "pause"
            },
            {
              "values": [
                {
                  "text": "<b>John:</b> I'm sorry, but dental treatment is not covered under this particular policy. It focuses on inpatient hospitalization expenses only. If you're interested in dental coverage, we can discuss other policy options that might suit your needs."
                }
              ],
              "response_type": "text",
              "selection_policy": "sequential"
            }
          ]
        },
        "parent": "Welcome",
        "created": "2024-04-17T09:34:58.506Z",
        "updated": "2024-04-17T09:34:58.506Z",
        "next_step": {
          "behavior": "jump_to",
          "selector": "body",
          "dialog_node": "node_10_1693411525444"
        },
        "dialog_node": "node_1_1693411522521",
        "previous_sibling": "node_5_1693411517562"
      },
      {
        "type": "standard",
        "title": "John: If you need to make a claim",
        "output": {
          "generic": [
            {
              "time": 1000,
              "typing": true,
              "response_type": "pause"
            },
            {
              "values": [
                {
                  "text": "<b>John:</b> If you need to make a claim, it's important to notify AllBright Insurance Company within one week of hospitalization or treatment. You can contact our claims department, and they will guide you through the claim submission process. You'll need to provide relevant medical documents and invoices for the expenses incurred during the treatment."
                }
              ],
              "response_type": "text",
              "selection_policy": "sequential"
            }
          ]
        },
        "parent": "Welcome",
        "created": "2024-04-17T09:34:58.506Z",
        "updated": "2024-04-17T09:34:58.506Z",
        "next_step": {
          "behavior": "jump_to",
          "selector": "body",
          "dialog_node": "node_5_1693411700074"
        },
        "dialog_node": "node_1_1693411535981",
        "previous_sibling": "node_6_1693411528033"
      },
      {
        "type": "standard",
        "title": "Sara: That's great to know. One last question",
        "output": {
          "generic": [
            {
              "time": 1000,
              "typing": true,
              "response_type": "pause"
            },
            {
              "values": [
                {
                  "text": "<b>Sara:</b> That's great to know. One last question, does this policy cover international hospitalization?"
                }
              ],
              "response_type": "text",
              "selection_policy": "sequential"
            }
          ]
        },
        "parent": "Welcome",
        "created": "2024-04-17T09:34:58.506Z",
        "updated": "2024-04-17T09:34:58.506Z",
        "next_step": {
          "behavior": "jump_to",
          "selector": "body",
          "dialog_node": "node_1_1693411973396"
        },
        "dialog_node": "node_1_1693411705352",
        "previous_sibling": "node_10_1693411702869"
      },
      {
        "type": "standard",
        "title": "John: I'm afraid not. This policy provides",
        "output": {
          "generic": [
            {
              "time": 1000,
              "typing": true,
              "response_type": "pause"
            },
            {
              "values": [
                {
                  "text": "<b>John:</b> I'm afraid not. This policy provides coverage only for inpatient hospitalization within the country. If you require coverage for international hospitalization, we can explore other insurance options that cater to such needs."
                }
              ],
              "response_type": "text",
              "selection_policy": "sequential"
            }
          ]
        },
        "parent": "Welcome",
        "created": "2024-04-17T09:34:58.506Z",
        "updated": "2024-04-17T09:34:58.506Z",
        "next_step": {
          "behavior": "jump_to",
          "selector": "body",
          "dialog_node": "node_8_1693411976773"
        },
        "dialog_node": "node_1_1693411973396",
        "previous_sibling": "node_1_1693411705352"
      },
      {
        "type": "standard",
        "title": "John: You're welcome! If you have any more",
        "output": {
          "generic": [
            {
              "time": 1000,
              "typing": true,
              "response_type": "pause"
            },
            {
              "values": [
                {
                  "text": "<b>John:</b> You're welcome! If you have any more questions or need further assistance, feel free to reach out at any time. We're here to help you make the best decision for your insurance needs."
                }
              ],
              "response_type": "text",
              "selection_policy": "sequential"
            }
          ]
        },
        "parent": "Welcome",
        "created": "2024-04-17T09:34:58.506Z",
        "updated": "2024-04-17T09:34:58.506Z",
        "next_step": {
          "behavior": "jump_to",
          "selector": "body",
          "dialog_node": "node_3_1693413642559"
        },
        "dialog_node": "node_1_1693412083650",
        "previous_sibling": "node_7_1693411982285"
      },
      {
        "type": "standard",
        "title": "John: Of course! Our policy provides coverage",
        "output": {
          "generic": [
            {
              "time": 1000,
              "typing": true,
              "response_type": "pause"
            },
            {
              "values": [
                {
                  "text": "<b>John:</b> Of course! Our policy provides coverage for inpatient hospitalization, which means it covers medical expenses incurred during your stay in a hospital. This includes treatments, surgeries, and other necessary medical services."
                }
              ],
              "response_type": "text",
              "selection_policy": "sequential"
            }
          ]
        },
        "parent": "Welcome",
        "created": "2024-04-17T09:34:58.506Z",
        "updated": "2024-04-17T09:34:58.506Z",
        "next_step": {
          "behavior": "jump_to",
          "selector": "body",
          "dialog_node": "node_10_1693410971749"
        },
        "conditions": "",
        "dialog_node": "node_3_1693405487709",
        "previous_sibling": "node_10_1693410243044"
      },
      {
        "type": "standard",
        "title": "Sara Left",
        "output": {
          "generic": [
            {
              "time": 3000,
              "typing": true,
              "response_type": "pause"
            },
            {
              "values": [
                {
                  "text": "<b>Sara has left the channel. Do you want key insights to be captured?</b>"
                }
              ],
              "response_type": "text",
              "selection_policy": "sequential"
            },
            {
              "title": "",
              "options": [
                {
                  "label": "Yes",
                  "value": {
                    "input": {
                      "text": ""
                    }
                  }
                }
              ],
              "response_type": "option"
            }
          ]
        },
        "created": "2024-04-17T09:34:58.506Z",
        "updated": "2024-04-17T09:34:58.506Z",
        "dialog_node": "node_3_1693413642559",
        "previous_sibling": "Welcome"
      },
      {
        "type": "standard",
        "title": "Extract Sentiment",
        "parent": "node_3_1693413642559",
        "actions": [
          {
            "name": "action_24672-2-2-2",
            "type": "assistant_action",
            "parameters": {},
            "result_variable": "action_result_1",
            "assistant_action_settings": {
              "use_global_variables": true,
              "lookup_action_by_title": false
            }
          }
        ],
        "created": "2024-04-17T09:34:58.506Z",
        "updated": "2024-04-17T09:34:58.506Z",
        "metadata": {
          "_customization": {
            "mcr": true
          }
        },
        "next_step": {
          "behavior": "jump_to",
          "selector": "body",
          "dialog_node": "node_5_1693417013132"
        },
        "dialog_node": "node_4_1693813244551",
        "previous_sibling": "node_10_1693413930883"
      },
      {
        "type": "standard",
        "title": "John: Yes, there is a copayment requirement",
        "output": {
          "generic": [
            {
              "time": 1000,
              "typing": true,
              "response_type": "pause"
            },
            {
              "values": [
                {
                  "text": "<b>John:</b> Yes, there is a copayment requirement. A copayment is a fixed amount that you would need to pay out of pocket for each medical service or treatment covered by the policy. The specific copayment amount will be mentioned in your policy documents."
                }
              ],
              "response_type": "text",
              "selection_policy": "sequential"
            }
          ]
        },
        "parent": "Welcome",
        "created": "2024-04-17T09:34:58.506Z",
        "updated": "2024-04-17T09:34:58.506Z",
        "next_step": {
          "behavior": "jump_to",
          "selector": "body",
          "dialog_node": "node_5_1693411517562"
        },
        "dialog_node": "node_5_1693411026526",
        "previous_sibling": "node_10_1693410971749"
      },
      {
        "type": "standard",
        "title": "Sara: I see. One more thing",
        "output": {
          "generic": [
            {
              "time": 1000,
              "typing": true,
              "response_type": "pause"
            },
            {
              "values": [
                {
                  "text": "<b>Sara:</b> I see. One more thing, does this policy cover dental treatment?"
                }
              ],
              "response_type": "text",
              "selection_policy": "sequential"
            }
          ]
        },
        "parent": "Welcome",
        "created": "2024-04-17T09:34:58.506Z",
        "updated": "2024-04-17T09:34:58.506Z",
        "next_step": {
          "behavior": "jump_to",
          "selector": "body",
          "dialog_node": "node_1_1693411522521"
        },
        "dialog_node": "node_5_1693411517562",
        "previous_sibling": "node_5_1693411026526"
      },
      {
        "type": "standard",
        "title": "Sara: Got it, I'll keep that in mind",
        "output": {
          "generic": [
            {
              "time": 1000,
              "typing": true,
              "response_type": "pause"
            },
            {
              "values": [
                {
                  "text": "<b>Sara:</b> Got it, I'll keep that in mind. Also, I live in the 77001 area. Can you tell me which hospitals are part of your network in that area?"
                }
              ],
              "response_type": "text",
              "selection_policy": "sequential"
            }
          ]
        },
        "parent": "Welcome",
        "created": "2024-04-17T09:34:58.506Z",
        "updated": "2024-04-17T09:34:58.506Z",
        "next_step": {
          "behavior": "jump_to",
          "selector": "body",
          "dialog_node": "node_10_1693411702869"
        },
        "dialog_node": "node_5_1693411700074",
        "previous_sibling": "node_1_1693411535981"
      },
      {
        "type": "standard",
        "title": "John: Yes, you can certainly terminate ",
        "output": {
          "generic": [
            {
              "time": 1000,
              "typing": true,
              "response_type": "pause"
            },
            {
              "values": [
                {
                  "text": "<b>John:</b> Yes, you can certainly terminate the policy if required. However, it's essential to review the policy documents for specific details about the termination process and any applicable terms or conditions."
                }
              ],
              "response_type": "text",
              "selection_policy": "sequential"
            }
          ]
        },
        "parent": "Welcome",
        "created": "2024-04-17T09:34:58.506Z",
        "updated": "2024-04-17T09:34:58.506Z",
        "next_step": {
          "behavior": "jump_to",
          "selector": "body",
          "dialog_node": "node_7_1693411982285"
        },
        "dialog_node": "node_5_1693411979442",
        "previous_sibling": "node_8_1693411976773"
      },
      {
        "type": "standard",
        "title": "Extract entities",
        "parent": "node_3_1693413642559",
        "actions": [
          {
            "name": "action_24672-2-2",
            "type": "assistant_action",
            "parameters": {},
            "result_variable": "action_result_1",
            "assistant_action_settings": {
              "use_global_variables": true,
              "lookup_action_by_title": false
            }
          }
        ],
        "created": "2024-04-17T09:34:58.506Z",
        "updated": "2024-04-17T09:34:58.506Z",
        "metadata": {
          "_customization": {
            "mcr": true
          }
        },
        "next_step": {
          "behavior": "skip_user_input"
        },
        "dialog_node": "node_5_1693415339449",
        "previous_sibling": "node_5_1693417013132"
      },
      {
        "type": "standard",
        "title": "Entities Heading",
        "output": {
          "generic": [
            {
              "values": [
                {
                  "text": "<b>Key entities:</b>"
                }
              ],
              "response_type": "text",
              "selection_policy": "sequential"
            }
          ]
        },
        "parent": "node_3_1693413642559",
        "created": "2024-04-17T09:34:58.506Z",
        "updated": "2024-04-17T09:34:58.506Z",
        "next_step": {
          "behavior": "jump_to",
          "selector": "body",
          "dialog_node": "node_5_1693415339449"
        },
        "dialog_node": "node_5_1693417013132",
        "previous_sibling": "node_4_1693813244551"
      },
      {
        "type": "standard",
        "title": "Sara: That's clear. Now, let's say",
        "output": {
          "generic": [
            {
              "time": 1000,
              "typing": true,
              "response_type": "pause"
            },
            {
              "values": [
                {
                  "text": "<b>Sara:</b> That's clear. Now, let's say I need to make a claim. What are the steps involved in processing a claim?"
                }
              ],
              "response_type": "text",
              "selection_policy": "sequential"
            }
          ]
        },
        "parent": "Welcome",
        "created": "2024-04-17T09:34:58.506Z",
        "updated": "2024-04-17T09:34:58.506Z",
        "next_step": {
          "behavior": "jump_to",
          "selector": "body",
          "dialog_node": "node_1_1693411535981"
        },
        "dialog_node": "node_6_1693411528033",
        "previous_sibling": "node_9_1693411530876"
      },
      {
        "type": "standard",
        "title": "Sara: Okay, I'll make sure to check that",
        "output": {
          "generic": [
            {
              "time": 1000,
              "typing": true,
              "response_type": "pause"
            },
            {
              "values": [
                {
                  "text": "<b>Sara:</b> Okay, I'll make sure to check that. Thank you for your help and for answering all my questions."
                }
              ],
              "response_type": "text",
              "selection_policy": "sequential"
            }
          ]
        },
        "parent": "Welcome",
        "created": "2024-04-17T09:34:58.506Z",
        "updated": "2024-04-17T09:34:58.506Z",
        "next_step": {
          "behavior": "jump_to",
          "selector": "body",
          "dialog_node": "node_1_1693412083650"
        },
        "dialog_node": "node_7_1693411982285",
        "previous_sibling": "node_5_1693411979442"
      },
      {
        "type": "standard",
        "title": "Sara: I understand. Thank you",
        "output": {
          "generic": [
            {
              "time": 1000,
              "typing": true,
              "response_type": "pause"
            },
            {
              "values": [
                {
                  "text": "<b>Sara:</b> I understand. Thank you for all the information. If I decide to get this policy but later change my mind, can I terminate it if required?"
                }
              ],
              "response_type": "text",
              "selection_policy": "sequential"
            }
          ]
        },
        "parent": "Welcome",
        "created": "2024-04-17T09:34:58.506Z",
        "updated": "2024-04-17T09:34:58.506Z",
        "next_step": {
          "behavior": "jump_to",
          "selector": "body",
          "dialog_node": "node_5_1693411979442"
        },
        "dialog_node": "node_8_1693411976773",
        "previous_sibling": "node_1_1693411973396"
      },
      {
        "type": "standard",
        "title": "Sara joined",
        "output": {
          "generic": [
            {
              "values": [
                {
                  "text": "<b>Sara has joined</b>"
                }
              ],
              "response_type": "text",
              "selection_policy": "sequential"
            }
          ]
        },
        "parent": "Welcome",
        "created": "2024-04-17T09:34:58.506Z",
        "updated": "2024-04-17T09:34:58.506Z",
        "next_step": {
          "behavior": "jump_to",
          "selector": "body",
          "dialog_node": "node_10_1693410243044"
        },
        "conditions": "true",
        "dialog_node": "node_8_1693413972368"
      },
      {
        "type": "standard",
        "title": "John: Certainly! The policy renewal period ",
        "output": {
          "generic": [
            {
              "time": 1000,
              "typing": true,
              "response_type": "pause"
            },
            {
              "values": [
                {
                  "text": "<b>John:</b> Certainly! The policy renewal period for this plan is one year. Once the policy term is over, you'll need to renew it to continue enjoying the benefits provided under the policy."
                }
              ],
              "response_type": "text",
              "selection_policy": "sequential"
            }
          ]
        },
        "parent": "Welcome",
        "created": "2024-04-17T09:34:58.506Z",
        "updated": "2024-04-17T09:34:58.506Z",
        "next_step": {
          "behavior": "jump_to",
          "selector": "body",
          "dialog_node": "node_6_1693411528033"
        },
        "dialog_node": "node_9_1693411530876",
        "previous_sibling": "node_10_1693411525444"
      },
      {
        "type": "standard",
        "title": "Summary Heading",
        "output": {
          "generic": [
            {
              "values": [
                {
                  "text": "<b>Summary:</b>"
                }
              ],
              "response_type": "text",
              "selection_policy": "sequential"
            }
          ]
        },
        "parent": "node_3_1693413642559",
        "created": "2024-04-17T09:34:58.506Z",
        "updated": "2024-04-17T09:34:58.506Z",
        "next_step": {
          "behavior": "jump_to",
          "selector": "body",
          "dialog_node": "node_10_1693413930883"
        },
        "conditions": "true",
        "dialog_node": "node_9_1693416991068"
      },
      {
        "type": "response_condition",
        "output": {
          "generic": []
        },
        "parent": "node_5_1693415339449",
        "context": {
          "chat_entities": "$action_result_1.chat_entities"
        },
        "created": "2024-04-17T09:34:58.506Z",
        "updated": "2024-04-17T09:34:58.506Z",
        "conditions": "$action_result_1",
        "dialog_node": "response_1_1693415361355",
        "previous_sibling": "node_10_1693548407024"
      },
      {
        "type": "response_condition",
        "output": {
          "generic": [
            {
              "values": [
                {
                  "text": "$summary"
                }
              ],
              "response_type": "text",
              "selection_policy": "sequential"
            }
          ]
        },
        "parent": "node_10_1693413930883",
        "context": {
          "summary": "$action_result_1.summary"
        },
        "created": "2024-04-17T09:34:58.506Z",
        "updated": "2024-04-17T09:34:58.506Z",
        "conditions": "$action_result_1",
        "dialog_node": "response_4_1693413946169"
      },
      {
        "type": "response_condition",
        "parent": "node_5_1693415339449",
        "created": "2024-04-17T09:34:58.506Z",
        "updated": "2024-04-17T09:34:58.506Z",
        "conditions": "anything_else",
        "dialog_node": "response_5_1693415363722",
        "previous_sibling": "response_1_1693415361355"
      },
      {
        "type": "response_condition",
        "parent": "node_4_1693813244551",
        "created": "2024-04-17T09:34:58.506Z",
        "updated": "2024-04-17T09:34:58.506Z",
        "conditions": "anything_else",
        "dialog_node": "response_6_1693813273331",
        "previous_sibling": "response_7_1693813271151"
      },
      {
        "type": "response_condition",
        "output": {
          "generic": [
            {
              "values": [
                {
                  "text": "<b>Sentiment:</b> $sentiment"
                }
              ],
              "response_type": "text",
              "selection_policy": "sequential"
            }
          ]
        },
        "parent": "node_4_1693813244551",
        "context": {
          "sentiment": "$action_result_1.sentiment"
        },
        "created": "2024-04-17T09:34:58.506Z",
        "updated": "2024-04-17T09:34:58.506Z",
        "conditions": "$action_result_1",
        "dialog_node": "response_7_1693813271151"
      },
      {
        "type": "response_condition",
        "parent": "node_10_1693413930883",
        "created": "2024-04-17T09:34:58.506Z",
        "updated": "2024-04-17T09:34:58.506Z",
        "conditions": "anything_else",
        "dialog_node": "response_8_1693413948688",
        "previous_sibling": "response_4_1693413946169"
      },
      {
        "type": "standard",
        "title": "Welcome",
        "output": {
          "generic": [
            {
              "title": "",
              "options": [
                {
                  "label": "Start conversation with Sara",
                  "value": {
                    "input": {
                      "text": "Start"
                    }
                  }
                }
              ],
              "response_type": "option"
            }
          ]
        },
        "context": {
          "summary": "",
          "chat_entities": ""
        },
        "created": "2024-04-17T09:34:58.506Z",
        "updated": "2024-04-17T09:34:58.506Z",
        "conditions": "welcome",
        "dialog_node": "Welcome"
      }
    ],
    "counterexamples": [],
    "system_settings": {
      "nlp": {
        "model": "latest"
      },
      "disambiguation": {
        "enabled": false,
        "randomize": true,
        "suggestion_text_policy": "title",
        "none_of_the_above_prompt": "None of the above."
      }
    },
    "learning_opt_out": false
  },
  "description": "updated ML instance URL to v1 from v1-beta",
  "assistant_id": "708d2c15-972d-49d6-a1af-a43f83757ff8",
  "dialog_settings": {
    "source_assistant": "d985c622-abf1-48a2-9ec3-b6498c776e15"
  },
  "assistant_references": [
    {
      "name": "Chat Summary Demo",
      "assistant_id": "d985c622-abf1-48a2-9ec3-b6498c776e15",
      "skill_reference": "main skill"
    }
  ]
}