loan_id,applicant_id,loan_amount_requested,loan_term,interest_rate,loan_purpose,collateral_type,collateral_value,application_date,verification_status,loan_to_value_ratio,debt_to_income_ratio
L0001,A0001,477259,360,17.13,home loan,None,436446.5843850357,2024-12-16,Verified,1.09,2.58
L0002,A0002,543408,48,8.02,HomeLoan,None,776227.3859216123,2024-04-27,Verified,0.7,3.49
L0003,A0003,30607,120,13.7,Business,None,41378.9265975263,15-01-2021,Pending,0.74,0.22
L0004,A0004,390423,48,16.61,Auto,None,533248.4090894059,2023-12-18,Rejected,0.73,2.55
L0005,A0005,417928,180,7.17,Home,Property,354386.91468923894,2025-08-19,Rejected,1.18,2.71
L0006,A0006,488710,60,19.1,Education,None,505997.3330052929,2025-06-19,Pending,0.97,3.1
L0007,A0007,218171,24,15.01,Personal,None,209875.52153028816,2024-09-23,Pending,1.04,1.23
L0008,A0008,886131,60,5.4,Home,None,1053949.293031221,2023-11-10,Rejected,0.84,7.34
L0009,A0009,837180,360,9.61,Personal,Property,726420.1062206192,2024-06-28,Verified,1.15,5.13
L0010,A0010,16772,60,11.82,Home,Vehicle,17946.99016130965,2025-07-24,Rejected,0.93,0.09
L0011,A0011,417540,24,8.45,Business,Vehicle,558455.0328000674,2025-04-07,Verified,0.75,10.53
L0012,A0012,837326,120,19.95,Auto,None,806023.976188767,2025-07-03,Pending,1.04,6.85
L0013,A0013,346759,120,13.22,Auto,Vehicle,512905.92749073583,2024-11-08,Rejected,0.68,3.62
L0014,A0014,345567,12,16.92,Education,None,394074.9725753472,2025-06-11,Rejected,0.88,6.79
L0015,A0015,703783,180,16.11,Home,Vehicle,613942.959116628,2023-11-07,Rejected,1.15,8.11
L0016,A0016,881096,240,14.24,Business,Property,1000215.1519822474,2024-10-03,Verified,0.88,4.61
L0017,A0017,559219,60,6.78,Personal,Vehicle,760269.8532835817,2024-07-07,Pending,0.74,2.8
L0018,A0018,875625,120,18.78,Home,Property,728873.55801823,2024-02-25,Rejected,1.2,7.85
L0019,A0019,342257,36,12.33,Education,Vehicle,442659.30472150655,2025-09-05,Rejected,0.77,4.12
L0020,A0020,870020,180,13.03,Business,Vehicle,998207.7431316042,2024-12-25,Rejected,0.87,14.09
L0021,A0021,870412,12,6.72,Education,None,822384.1582145934,2023-11-21,Rejected,1.06,4.65
L0022,A0022,108612,60,13.82,Personal,Vehicle,136137.31282502238,2024-08-31,Verified,0.8,0.92
L0023,A0023,296800,180,12.79,Business,None,443949.7689821523,2024-01-20,Verified,0.67,3.32
L0024,A0024,119046,60,18.29,Auto,Property,160884.37380998602,2024-06-04,Rejected,0.74,0.82
L0025,A0025,261677,120,16.52,Business,Property,212767.41019536572,2024-09-06,Verified,1.23,11.51
L0026,A0026,872544,36,18.71,Business,Vehicle,704250.4105280702,2024-05-02,Rejected,1.24,6.83
L0027,A0027,443410,36,10.56,Auto,None,626605.3027567747,2024-02-01,Rejected,0.71,2.8
L0028,A0028,245902,60,18.03,Business,None,298717.3583005866,2024-03-14,Verified,0.82,3.69
L0029,A0029,719487,180,9.53,Home,None,752494.9443119228,2024-10-31,Rejected,0.96,7.82
L0030,A0030,896721,360,12.58,Home,Vehicle,726379.1556331245,2024-04-06,Rejected,1.23,5.08
L0031,A0031,429501,24,19.04,Education,Property,349832.4865125906,2025-03-17,Verified,1.23,2.75
L0032,A0032,913058,360,13.74,Education,None,1189292.5312282462,2023-12-06,Verified,0.77,25.91
L0033,A0033,284874,120,8.9,Auto,Vehicle,271509.8125633446,2024-05-27,Rejected,1.05,13.1
L0034,A0034,60655,48,15.84,Education,Property,67171.59028984941,2024-12-07,Pending,0.9,1.04
L0035,A0035,332157,60,19.2,Business,Property,381254.2642445206,2024-01-01,Rejected,0.87,1.82
L0036,A0036,268856,48,12.26,Personal,Property,237970.77675701876,2024-05-31,Pending,1.13,1.61
L0037,A0037,596930,240,11.78,Education,Vehicle,500156.3606533608,2024-10-23,Rejected,1.19,3.74
L0038,A0038,638502,60,13.2,Education,Property,804489.1601116509,2024-07-10,Rejected,0.79,5.48
L0039,A0039,510798,12,13.18,Home,Property,734170.2252645193,2025-03-17,Rejected,0.7,3.08
L0040,A0040,507016,12,5.07,Business,Property,423666.3450220969,2025-01-06,Pending,1.2,3.54
L0041,A0041,124931,60,11.54,Home,Property,141567.29627531068,2024-07-04,Rejected,0.88,1.15
L0042,A0042,29810,24,9.95,Business,Property,28310.79890137047,2025-06-10,Verified,1.05,0.19
L0043,A0043,514287,180,8.94,Education,Property,723565.4450027057,2024-11-03,Pending,0.71,3.27
L0044,A0044,604160,360,8.83,Auto,None,604759.6678688161,2025-05-09,Pending,1.0,14.82
L0045,A0045,607467,12,6.34,Education,Vehicle,598628.909887102,2024-10-02,Pending,1.01,3.51
L0046,A0046,789343,48,10.52,Personal,Property,917729.3218733208,2023-10-30,Rejected,0.86,6.31
L0047,A0047,680880,180,19.72,Home,Property,627107.2271844501,2023-10-15,Verified,1.09,11.43
L0048,A0048,311638,180,6.77,Home,None,461010.1203132343,2024-06-17,Rejected,0.68,1.73
L0049,A0049,227374,12,18.4,Business,Property,209169.078085718,2025-07-23,Verified,1.09,2.37
L0050,A0050,114459,12,10.61,Personal,None,147632.86489908112,2025-05-16,Pending,0.78,0.63
L0051,A0051,430190,120,17.53,Auto,Property,546055.4409471889,2025-02-27,Verified,0.79,10.2
L0052,A0052,192019,48,13.54,Auto,Property,208524.5106345485,2024-05-24,Verified,0.92,3.86
L0053,A0053,482403,120,15.44,Auto,Vehicle,643071.514029011,2024-09-17,Rejected,0.75,5.75
L0054,A0054,939721,120,5.26,Personal,None,784593.4975013775,2024-11-19,Pending,1.2,12.73
L0055,A0055,437138,36,18.2,Education,Property,471454.1307614037,2023-11-12,Rejected,0.93,2.81
L0056,A0056,882395,48,7.89,Business,None,1126152.9736499444,2024-01-03,Pending,0.78,7.99
L0057,A0057,962675,24,11.26,Auto,Property,1354435.792554608,2023-10-12,Rejected,0.71,6.23
L0058,A0058,363504,240,11.26,Personal,Property,391879.7265590073,2024-10-27,Pending,0.93,3.03
L0059,A0059,517540,180,17.01,Personal,Property,636078.4973993495,2024-02-15,Pending,0.81,5.22
L0060,A0060,687376,48,18.76,Auto,None,910845.8406262748,2024-03-19,Verified,0.75,3.97
L0061,A0061,963075,60,17.6,Auto,Property,1029224.6213516616,2024-01-01,Pending,0.94,7.85
L0062,A0062,943341,120,19.8,Auto,None,1192860.2540597755,2024-11-20,Verified,0.79,46.11
L0063,A0063,761168,36,11.39,Education,Vehicle,1131487.0354588155,2024-04-29,Rejected,0.67,20.27
L0064,A0064,567636,12,13.23,Auto,Property,792473.3029954075,2025-07-27,Rejected,0.72,4.55
L0065,A0065,196169,60,18.29,Auto,None,158032.91381187292,2025-04-25,Pending,1.24,1.96
L0066,A0066,837257,360,11.73,Personal,Property,1138511.048713036,2024-02-19,Pending,0.74,5.53
L0067,A0067,899606,12,19.58,Education,Vehicle,810676.5169694108,2024-06-16,Rejected,1.11,24.91
L0068,A0068,786428,360,5.97,Business,None,728819.9971577812,2023-10-15,Verified,1.08,20.69
L0069,A0069,773700,180,16.02,Home,Property,1039636.3664564803,2024-06-10,Rejected,0.74,6.08
L0070,A0070,148112,48,15.66,Business,Property,204584.76927341707,2024-06-12,Rejected,0.72,0.81
L0071,A0071,423392,12,15.34,Auto,None,350552.46776026103,2023-12-24,Rejected,1.21,2.47
L0072,A0072,268385,24,19.55,Business,Vehicle,397150.7811857025,2023-10-11,Verified,0.68,1.61
L0073,A0073,713357,36,18.39,Education,Vehicle,575187.1353465007,2024-02-04,Rejected,1.24,4.44
L0074,A0074,464383,360,19.83,Auto,None,376057.1022754975,2025-08-16,Rejected,1.23,2.59
L0075,A0075,884164,120,6.72,Auto,None,1216983.6013549287,2025-08-23,Pending,0.73,6.71
L0076,A0076,115234,60,5.5,Home,None,164540.62746920425,2025-03-27,Rejected,0.7,4.33
L0077,A0077,352155,360,12.94,Auto,Property,326261.7726135752,2024-04-18,Pending,1.08,7.34
L0078,A0078,463723,36,18.61,Personal,Vehicle,574177.1728590884,2025-05-07,Pending,0.81,2.48
L0079,A0079,930580,120,8.2,Home,Property,1375431.0762037153,2025-08-10,Pending,0.68,13.8
L0080,A0080,547803,24,7.93,Business,Vehicle,527176.3262613711,2023-12-23,Rejected,1.04,4.22
L0081,A0081,554552,180,16.99,Education,Property,588989.1018759207,2024-09-12,Verified,0.94,10.39
L0082,A0082,368336,240,18.59,Education,None,347722.4883308651,2024-09-22,Verified,1.06,9.42
L0083,A0083,834058,24,6.32,Auto,Property,681596.4310425752,2023-10-07,Verified,1.22,8.09
L0084,A0084,276668,360,7.14,Business,Property,281363.1089612499,2025-05-24,Rejected,0.98,2.09
L0085,A0085,210802,240,15.79,Business,None,314659.4686573773,2025-01-14,Rejected,0.67,1.78
L0086,A0086,45889,24,5.13,Auto,Property,41434.5234002292,2024-03-17,Verified,1.11,0.44
L0087,A0087,868155,120,17.17,Personal,Property,1193309.804154797,2025-07-10,Rejected,0.73,28.72
L0088,A0088,235489,240,15.83,Home,None,340330.7919388278,2025-06-09,Verified,0.69,2.71
L0089,A0089,208072,240,6.12,Home,Property,203760.38625087775,2025-05-30,Pending,1.02,1.84
L0090,A0090,563342,180,18.11,Personal,None,592597.9942796862,2025-09-14,Pending,0.95,6.26
L0091,A0091,906904,120,11.54,Education,Vehicle,774896.515658793,2025-01-17,Rejected,1.17,19.79
L0092,A0092,952582,240,14.21,Home,None,1140706.8449971576,2023-10-15,Pending,0.84,13.56
L0093,A0093,479894,180,13.85,Personal,Vehicle,628489.9894173237,2024-02-07,Pending,0.76,9.29
L0094,A0094,490139,120,19.49,Business,None,516772.4808967663,2025-01-17,Rejected,0.95,3.08
L0095,A0095,349148,120,17.83,Personal,Property,343957.8744629165,2024-10-20,Pending,1.02,2.35
L0096,A0096,363210,12,9.1,Home,Vehicle,421251.47755113145,2024-05-21,Pending,0.86,2.14
L0097,A0097,261383,12,10.17,Business,None,307116.01744247135,2024-11-11,Rejected,0.85,2.15
L0098,A0098,326991,48,9.57,Personal,Property,358124.139031833,2024-12-19,Pending,0.91,2.84
L0099,A0099,799721,12,14.84,Auto,Property,783623.6092178001,2024-06-10,Pending,1.02,4.92
L0100,A0100,911618,120,19.79,Home,Vehicle,1265449.4070201062,2024-06-28,Verified,0.72,21.99
L0101,A0101,728279,12,17.67,Auto,Property,826955.5495020555,2025-04-19,Rejected,0.88,5.07
L0102,A0102,305918,180,17.33,Education,None,263880.3961994251,2024-09-03,Rejected,1.16,5.4
L0103,A0103,354138,180,8.8,Education,Vehicle,492153.3708798264,2025-02-20,Pending,0.72,15.25
L0104,A0104,364704,12,7.93,Auto,Vehicle,375581.5909705444,2025-01-04,Rejected,0.97,3.64
L0105,A0105,300522,12,10.66,Business,None,264934.7533453027,2024-08-21,Pending,1.13,3.19
L0106,A0106,360672,240,19.67,Education,Property,520111.8619432345,2024-06-14,Rejected,0.69,2.8
L0107,A0107,792371,60,11.18,Home,Vehicle,900023.4141160549,2024-08-11,Rejected,0.88,4.73
L0108,A0108,974658,48,14.82,Auto,Vehicle,1460580.7803315616,2024-02-28,Verified,0.67,7.37
L0109,A0109,768775,120,16.65,Auto,Vehicle,1056964.6170343114,2025-02-02,Verified,0.73,24.78
L0110,A0110,476075,36,15.94,Home,Vehicle,458555.8995347432,2023-11-26,Rejected,1.04,2.76
L0111,A0111,288124,180,5.1,Education,Property,257812.4561354976,2025-05-21,Pending,1.12,2.37
L0112,A0112,175027,24,9.45,Education,Property,203263.08674895228,2025-06-29,Verified,0.86,6.59
L0113,A0113,468191,36,19.91,Home,Vehicle,637695.936457141,2024-01-28,Verified,0.73,8.44
L0114,A0114,625682,240,15.64,Personal,None,881044.8111432164,2023-10-31,Pending,0.71,14.57
L0115,A0115,896800,240,13.88,Auto,Property,1333722.0634108032,2023-10-08,Rejected,0.67,12.64
L0116,A0116,486045,120,6.82,Education,Vehicle,715434.4354098446,2025-02-22,Pending,0.68,6.28
L0117,A0117,797785,12,7.36,Personal,None,996554.2286111752,2024-12-08,Verified,0.8,36.32
L0118,A0118,765396,36,15.62,Home,None,935913.0293394685,2025-03-13,Verified,0.82,16.59
L0119,A0119,598016,180,14.38,Personal,Vehicle,577003.2514161731,2024-10-11,Pending,1.04,3.95
L0120,A0120,916743,36,19.73,Auto,Property,1152228.1505618526,2023-11-01,Rejected,0.8,5.84
L0121,A0121,588786,48,11.95,Home,Property,795624.2298081664,2024-01-29,Verified,0.74,18.48
L0122,A0122,459322,24,5.55,Business,None,606889.3825736785,2023-11-04,Pending,0.76,5.87
L0123,A0123,883831,240,7.81,Auto,Vehicle,743493.8875877929,2025-04-26,Pending,1.19,8.51
L0124,A0124,177439,360,10.06,Auto,None,257967.397482827,2023-12-08,Pending,0.69,1.36
L0125,A0125,626688,48,18.99,Auto,Property,822040.6822863852,2024-04-20,Pending,0.76,4.54
L0126,A0126,40399,60,13.18,Education,None,32896.345463447775,2025-03-05,Rejected,1.23,0.33
L0127,A0127,70535,360,18.74,Personal,Property,68865.87376710176,2025-07-17,Pending,1.02,0.51
L0128,A0128,782850,48,19.69,Business,None,1138698.1361756043,2025-06-28,Verified,0.69,6.97
L0129,A0129,488322,12,14.09,Personal,Property,551382.5616793863,2024-11-16,Verified,0.89,4.13
L0130,A0130,936328,180,9.74,Personal,Property,1272028.543480083,2025-04-26,Pending,0.74,5.16
L0131,A0131,339081,120,9.58,Business,Property,287176.113537712,2024-06-03,Pending,1.18,5.71
L0132,A0132,221421,180,6.59,Education,None,226376.60791589905,2025-04-15,Pending,0.98,2.31
L0133,A0133,721206,120,7.56,Auto,Property,920165.7498428664,2024-04-08,Rejected,0.78,7.68
L0134,A0134,889121,240,6.67,Education,Property,743300.193004087,2025-09-06,Verified,1.2,9.46
L0135,A0135,504694,120,9.82,Education,Vehicle,698107.0290726426,2025-08-11,Rejected,0.72,3.38
L0136,A0136,175777,48,15.76,Business,None,191577.98567964396,2023-12-20,Verified,0.92,1.06
L0137,A0137,72424,48,7.42,Personal,Vehicle,69859.07770983971,2024-09-12,Rejected,1.04,0.37
L0138,A0138,872230,12,8.3,Education,Property,734133.1527525589,2023-12-19,Verified,1.19,19.18
L0139,A0139,517372,24,12.55,Auto,Vehicle,477272.0836276417,2025-02-01,Pending,1.08,2.65
L0140,A0140,963663,180,10.29,Auto,Vehicle,987439.9135092264,2024-06-17,Verified,0.98,9.58
L0141,A0141,584707,180,13.92,Personal,None,841777.9696303586,2025-07-23,Pending,0.69,11.63
L0142,A0142,320620,360,10.0,Business,Property,256953.7930541701,2025-07-19,Pending,1.25,2.35
L0143,A0143,752867,36,18.76,Auto,Vehicle,1041755.5863864667,2023-11-15,Rejected,0.72,5.19
L0144,A0144,26016,12,12.77,Personal,None,33312.62889046332,2024-10-30,Pending,0.78,0.35
L0145,A0145,828093,24,10.39,Education,Vehicle,1032818.5115859796,2024-05-03,Rejected,0.8,5.93
L0146,A0146,151690,60,15.36,Personal,Vehicle,176003.8951936451,2024-07-21,Rejected,0.86,2.99
L0147,A0147,793188,180,12.32,Auto,Vehicle,910685.307868401,2024-04-07,Verified,0.87,18.88
L0148,A0148,696291,48,15.94,Personal,None,896773.5584494342,2024-04-18,Pending,0.78,7.45
L0149,A0149,923613,36,14.46,Business,Vehicle,908307.8888312752,2025-05-03,Rejected,1.02,4.95
L0150,A0150,323536,240,7.63,Education,Property,278219.0294079574,2025-04-28,Rejected,1.16,5.36
L0151,A0151,819423,24,15.84,Business,Property,844965.4727316501,2024-05-30,Verified,0.97,4.12
L0152,A0152,747678,180,14.7,Business,None,1002627.8446842852,2025-04-25,Pending,0.75,6.21
L0153,A0153,72728,60,9.28,Home,Property,75888.86132705283,2023-09-25,Pending,0.96,1.79
L0154,A0154,145769,48,16.62,Personal,Property,147704.47235341236,2025-04-18,Rejected,0.99,2.72
L0155,A0155,140970,360,18.91,Auto,None,158774.4629207433,2024-10-04,Verified,0.89,0.9
L0156,A0156,107764,180,5.94,Business,None,113511.91267297493,2024-10-21,Rejected,0.95,0.79
L0157,A0157,283197,36,19.14,Home,None,404939.411633032,2025-05-02,Pending,0.7,2.49
L0158,A0158,38740,24,14.31,Education,Property,48012.96415361835,2024-05-03,Rejected,0.81,0.28
L0159,A0159,885775,360,15.7,Business,None,728680.6833174605,2023-10-07,Pending,1.22,18.46
L0160,A0160,346596,60,18.71,Home,None,335165.78099983867,2025-07-31,Rejected,1.03,2.82
L0161,A0161,468210,180,17.69,Business,Property,479139.7336853049,2024-06-16,Rejected,0.98,7.25
L0162,A0162,982461,36,10.92,Education,Property,1177747.946181439,2025-07-16,Pending,0.83,7.05
L0163,A0163,601483,60,9.01,Personal,Property,575335.1009431485,2024-07-15,Verified,1.05,6.9
L0164,A0164,956863,24,7.18,Personal,Vehicle,947412.1573866364,2023-09-25,Rejected,1.01,5.76
L0165,A0165,960781,180,10.04,Home,Property,1018693.038344247,2024-05-12,Verified,0.94,5.34
L0166,A0166,407786,12,16.05,Personal,Vehicle,550316.2320592696,2024-05-01,Pending,0.74,3.83
L0167,A0167,714845,360,11.31,Personal,None,682010.1743366041,2023-11-17,Verified,1.05,17.35
L0168,A0168,204057,240,12.49,Auto,Property,167539.72187428418,2024-11-24,Verified,1.22,2.87
L0169,A0169,312929,12,18.3,Auto,Vehicle,265883.0284381149,2024-06-15,Pending,1.18,1.95
L0170,A0170,999924,120,5.54,Home,Property,1066225.241439525,2024-07-06,Pending,0.94,26.27
L0171,A0171,951775,240,16.12,Business,None,1054326.6751947647,2024-08-23,Pending,0.9,5.01
L0172,A0172,942006,48,16.45,Auto,Vehicle,1267539.0706544733,2024-12-22,Verified,0.74,6.44
L0173,A0173,525141,240,15.67,Business,None,501510.5695693175,2024-12-24,Pending,1.05,4.35
L0174,A0174,96686,360,18.15,Education,Vehicle,94778.633643156,2025-08-13,Verified,1.02,3.12
L0175,A0175,986660,180,10.41,Personal,Property,1149737.3877162316,2025-05-05,Verified,0.86,6.62
L0176,A0176,602291,60,12.84,Auto,None,779474.8674962175,2025-09-14,Pending,0.77,4.56
L0177,A0177,486494,180,15.04,Business,None,403335.8294653667,2025-02-02,Verified,1.21,2.69
L0178,A0178,624917,60,16.57,Personal,Vehicle,646651.493228864,2025-02-06,Pending,0.97,7.63
L0179,A0179,581202,60,8.06,Personal,None,653076.4832459458,2025-07-17,Verified,0.89,14.78
L0180,A0180,934625,60,14.33,Education,Property,944996.4342840016,2023-12-23,Verified,0.99,8.79
L0181,A0181,866013,240,6.43,Auto,Vehicle,728976.6982131546,2024-11-09,Rejected,1.19,11.55
L0182,A0182,852056,36,15.59,Personal,Property,885720.070779159,2024-08-24,Verified,0.96,7.52
L0183,A0183,536972,24,13.19,Home,None,735777.8992801863,2023-12-16,Pending,0.73,7.46
L0184,A0184,979378,24,19.98,Business,Vehicle,828813.0196657195,2024-09-25,Pending,1.18,7.29
L0185,A0185,836309,360,11.32,Education,Property,1135140.539052985,2024-01-26,Verified,0.74,6.68
L0186,A0186,750269,12,18.11,Business,Property,992132.86907315,2024-12-21,Rejected,0.76,11.82
L0187,A0187,918177,36,19.34,Auto,Vehicle,1068914.3323495283,2024-01-09,Verified,0.86,38.62
L0188,A0188,400232,360,16.61,Business,Property,471606.1124799297,2024-12-08,Rejected,0.85,4.35
L0189,A0189,755653,360,15.11,Education,Vehicle,762393.7023265385,2025-04-11,Rejected,0.99,19.79
L0190,A0190,266130,12,15.66,Education,Vehicle,219049.74838546745,2024-07-03,Pending,1.21,1.64
L0191,A0191,63235,360,17.84,Auto,None,93770.86954284244,2023-10-31,Verified,0.67,2.16
L0192,A0192,611248,48,19.62,Personal,Property,493228.36311320186,2024-09-13,Pending,1.24,6.2
L0193,A0193,673588,180,10.85,Education,None,834098.9352201918,2024-02-02,Verified,0.81,5.45
L0194,A0194,768841,24,16.61,Personal,Property,1000017.8636182356,2025-05-08,Verified,0.77,7.07
L0195,A0195,330730,180,14.81,Education,Vehicle,456558.1142481101,2023-12-21,Pending,0.72,5.41
L0196,A0196,799812,180,16.47,Home,Property,822883.6550096485,2024-06-16,Verified,0.97,17.27
L0197,A0197,956527,12,14.79,Home,None,1321750.070904638,2024-02-06,Pending,0.72,4.88
L0198,A0198,426808,24,15.82,Auto,Vehicle,411907.40624164016,2025-02-04,Verified,1.04,3.93
L0199,A0199,878227,12,15.33,Business,None,917339.5825225684,2025-07-29,Rejected,0.96,6.1
L0200,A0200,857238,120,10.82,Education,Vehicle,1205406.217732482,2024-08-21,Verified,0.71,20.35
L0201,A0201,468070,120,6.8,Education,Vehicle,639500.4908301343,2024-02-16,Pending,0.73,8.76
L0202,A0202,675127,36,17.9,Business,Property,640879.8309660241,2024-01-24,Verified,1.05,3.44
L0203,A0203,342947,60,12.84,Home,Property,334573.40034763684,2025-08-08,Verified,1.03,9.8
L0204,A0204,98096,240,6.26,Personal,Vehicle,96694.84133411244,2024-02-11,Verified,1.01,0.57
L0205,A0205,22222,48,8.52,Home,Property,32004.846663015676,2025-08-04,Rejected,0.69,0.15
L0206,A0206,134632,60,9.0,Personal,Vehicle,132176.05464322472,2025-03-31,Rejected,1.02,0.89
L0207,A0207,900613,120,10.21,Personal,Property,1276100.629610987,2024-07-12,Pending,0.71,4.82
L0208,A0208,113385,48,15.03,Auto,Property,157536.79350521223,2025-07-10,Pending,0.72,0.68
L0209,A0209,362912,180,19.76,Personal,Property,497546.1422247166,2023-12-05,Pending,0.73,3.08
L0210,A0210,568536,60,14.02,Personal,Vehicle,833691.729240745,2024-04-07,Verified,0.68,3.5
L0211,A0211,19538,240,6.62,Personal,Property,25108.087907997724,2024-11-24,Rejected,0.78,0.62
L0212,A0212,548821,360,6.4,Auto,Property,686639.5412178918,2025-04-24,Rejected,0.8,5.06
L0213,A0213,954137,60,6.81,Education,None,1383644.2468593062,2024-12-27,Rejected,0.69,10.85
L0214,A0214,625519,180,5.88,Home,Vehicle,917627.5363382885,2024-08-26,Pending,0.68,6.76
L0215,A0215,578198,36,7.18,Education,Vehicle,660057.1315288054,2024-11-04,Rejected,0.88,3.56
L0216,A0216,211819,120,14.5,Home,Vehicle,207008.71861884207,2025-04-01,Pending,1.02,2.67
L0217,A0217,466283,120,6.0,Education,Property,651745.7929542693,2025-07-26,Rejected,0.72,5.86
L0218,A0218,720784,120,5.61,Business,Property,618280.4581213561,2023-10-19,Pending,1.17,11.72
L0219,A0219,471758,12,16.35,Business,None,582960.9269865742,2025-08-16,Verified,0.81,5.1
L0220,A0220,539576,180,8.08,Auto,Property,555722.6365424561,2024-11-19,Rejected,0.97,2.89
L0221,A0221,282149,48,16.12,Auto,Vehicle,231843.09558231992,2024-04-04,Rejected,1.22,3.22
L0222,A0222,502976,12,12.81,Business,Vehicle,434097.5721996986,2024-07-16,Rejected,1.16,9.93
L0223,A0223,327599,48,15.35,Personal,None,305460.43908107746,2024-12-15,Rejected,1.07,1.9
L0224,A0224,15971,360,6.15,Home,Property,13344.99125079098,2024-06-30,Rejected,1.2,0.33
L0225,A0225,377572,60,6.56,Personal,Vehicle,325710.18735843594,2023-10-15,Rejected,1.16,2.04
L0226,A0226,323828,48,15.12,Personal,Vehicle,449968.998163356,2024-07-02,Rejected,0.72,9.8
L0227,A0227,742930,180,7.94,Education,Property,628233.5954107528,2024-06-24,Rejected,1.18,36.59
L0228,A0228,492076,180,10.45,Business,Property,716483.758686401,2025-03-04,Verified,0.69,3.3
L0229,A0229,330901,120,15.13,Home,None,330575.6673386934,2024-05-28,Verified,1.0,2.3
L0230,A0230,252698,60,16.75,Business,Vehicle,294587.2052908351,2025-04-11,Verified,0.86,4.5
L0231,A0231,90488,12,7.52,Auto,Property,114041.19633120012,2025-01-07,Verified,0.79,0.46
L0232,A0232,73529,60,8.65,Business,None,86352.6092929087,2025-04-28,Pending,0.85,0.59
L0233,A0233,213788,36,17.54,Auto,Property,275992.5820312008,2024-04-02,Verified,0.77,1.29
L0234,A0234,352133,60,9.23,Business,Vehicle,316594.2994384653,2025-02-26,Rejected,1.11,14.53
L0235,A0235,572548,12,13.92,Auto,Property,553983.6880261493,2024-07-13,Verified,1.03,4.27
L0236,A0236,702201,48,7.97,Personal,None,919082.812559123,2024-03-23,Verified,0.76,25.38
L0237,A0237,684579,12,16.23,Home,Property,687803.760229134,2025-07-07,Pending,1.0,19.53
L0238,A0238,924982,36,6.87,Education,None,1262100.081055066,2025-03-19,Pending,0.73,20.92
L0239,A0239,56203,24,16.38,Business,Property,52458.394647994384,2024-09-08,Verified,1.07,1.4
L0240,A0240,120157,180,6.4,Personal,None,134801.57937845454,2025-09-16,Rejected,0.89,0.74
L0241,A0241,545420,24,10.7,Personal,None,618895.453559632,2025-02-01,Verified,0.88,12.36
L0242,A0242,217781,180,13.55,Business,Vehicle,185496.43873672077,2024-09-04,Verified,1.17,1.31
L0243,A0243,364813,240,19.83,Education,Property,533221.0705079191,2024-02-27,Pending,0.68,4.42
L0244,A0244,270887,60,10.33,Personal,Vehicle,232948.9756096231,2025-02-21,Pending,1.16,12.83
L0245,A0245,826166,24,19.55,Auto,Vehicle,1129602.0697656367,2025-02-18,Rejected,0.73,5.11
L0246,A0246,743124,48,6.05,Personal,Vehicle,784484.4872511724,2024-03-04,Verified,0.95,28.74
L0247,A0247,702674,60,18.76,Auto,Vehicle,823987.8187915985,2025-03-12,Rejected,0.85,3.55
L0248,A0248,797646,48,10.14,Home,Property,1165979.8882225333,2024-11-20,Pending,0.68,5.45
L0249,A0249,980385,48,7.51,Auto,Property,828035.2667367731,2024-09-02,Verified,1.18,6.77
L0250,A0250,639736,48,18.11,Business,Vehicle,814639.9867800243,2024-04-10,Pending,0.79,5.52
L0251,A0251,495614,240,14.53,Education,Vehicle,702101.0895885857,2023-09-27,Rejected,0.71,3.07
L0252,A0252,462364,120,8.48,Business,Property,584697.8323907624,2024-12-10,Pending,0.79,3.73
L0253,A0253,267524,240,10.19,Business,Property,288469.87121148454,2024-07-15,Verified,0.93,1.69
L0254,A0254,204070,12,17.85,Home,None,270233.4407365153,2024-09-11,Rejected,0.76,1.21
L0255,A0255,724845,240,7.01,Education,None,953771.9626388404,2025-02-11,Pending,0.76,15.68
L0256,A0256,922756,36,18.75,Personal,Vehicle,1274741.359001568,2025-03-28,Rejected,0.72,11.44
L0257,A0257,440929,120,19.36,Education,None,385109.127721157,2025-06-18,Verified,1.14,14.66
L0258,A0258,647346,180,16.47,Business,None,617354.8889407045,2024-06-09,Verified,1.05,11.75
L0259,A0259,727831,60,18.26,Auto,Property,755773.8854812878,2024-12-06,Pending,0.96,8.17
L0260,A0260,245541,12,14.13,Personal,Vehicle,356710.95488878683,2024-06-20,Verified,0.69,1.8
L0261,A0261,530257,24,7.27,Business,None,513115.8911627135,2023-10-11,Pending,1.03,3.57
L0262,A0262,659313,24,12.34,Business,None,568776.227117134,2024-11-26,Verified,1.16,4.69
L0263,A0263,984570,240,10.93,Home,Property,945657.724646446,2025-08-05,Pending,1.04,12.21
L0264,A0264,17814,36,15.42,Business,None,25908.87404866056,2024-04-04,Rejected,0.69,0.09
L0265,A0265,509838,36,13.41,Personal,None,699405.6144929726,2024-08-18,Verified,0.73,2.99
L0266,A0266,953319,240,9.08,Auto,None,951860.6035286436,2025-02-18,Verified,1.0,12.09
L0267,A0267,621674,12,18.83,Education,Property,597792.8540021766,2024-11-10,Pending,1.04,5.83
L0268,A0268,194412,12,19.67,Personal,None,268831.53302137466,2025-03-21,Pending,0.72,4.78
L0269,A0269,448165,48,15.02,Education,None,525862.9619960625,2025-03-04,Pending,0.85,4.11
L0270,A0270,400208,12,16.13,Auto,Vehicle,488933.72487240576,2024-10-20,Pending,0.82,2.5
L0271,A0271,693613,120,8.07,Business,Vehicle,889248.4933813678,2024-07-29,Rejected,0.78,6.14
L0272,A0272,183051,60,7.32,Auto,Vehicle,166798.1885781996,2024-08-25,Verified,1.1,2.51
L0273,A0273,621326,120,5.57,Home,None,767809.6501931177,2024-09-08,Pending,0.81,4.15
L0274,A0274,19612,12,18.38,Auto,Vehicle,20106.883711593506,2025-06-03,Rejected,0.98,0.49
L0275,A0275,184827,120,12.14,Personal,Property,175658.07010179164,2025-06-09,Pending,1.05,1.64
L0276,A0276,457347,36,18.52,Education,Property,526540.2906216473,2023-11-27,Rejected,0.87,2.41
L0277,A0277,221125,180,10.49,Personal,Vehicle,255140.69894201471,2025-09-17,Rejected,0.87,2.05
L0278,A0278,67723,48,17.96,Home,None,99581.38873176085,2025-08-26,Pending,0.68,0.6
L0279,A0279,704531,36,7.59,Auto,Property,595657.0365559047,2024-01-13,Rejected,1.18,24.26
L0280,A0280,908249,180,7.6,Personal,None,1120629.9220896813,2024-08-01,Pending,0.81,9.32
L0281,A0281,707573,180,9.35,Auto,Property,989771.5650665992,2024-10-26,Pending,0.71,29.06
L0282,A0282,24488,12,17.61,Home,Property,30554.597755464547,2024-11-25,Pending,0.8,0.19
L0283,A0283,465284,120,9.3,Personal,Vehicle,416877.8023900848,2024-05-13,Verified,1.12,3.46
L0284,A0284,676590,48,9.15,Personal,Property,571990.4651027622,2025-07-02,Rejected,1.18,9.64
L0285,A0285,488947,60,17.74,Business,None,610534.8274264439,2024-08-19,Pending,0.8,3.63
L0286,A0286,661375,120,8.19,Personal,Property,633081.5887720229,2024-04-26,Verified,1.04,5.41
L0287,A0287,96109,120,9.58,Education,None,142345.55247022613,2025-03-06,Pending,0.68,1.3
L0288,A0288,951918,60,13.19,Business,Vehicle,1252161.641786775,2023-10-06,Rejected,0.76,5.13
L0289,A0289,809565,60,16.4,Home,Property,1033257.3826718114,2024-06-30,Pending,0.78,21.76
L0290,A0290,121968,48,10.86,Auto,Property,147528.43099691684,2025-07-09,Rejected,0.83,0.82
L0291,A0291,555069,60,19.73,Personal,None,777758.7208655109,2025-08-18,Pending,0.71,4.37
L0292,A0292,125778,48,19.01,Home,Property,169138.25192036026,2025-05-02,Verified,0.74,1.21
L0293,A0293,516829,24,8.23,Auto,Property,492161.1808266452,2024-03-30,Verified,1.05,7.28
L0294,A0294,356817,24,10.84,Personal,Vehicle,302336.4190785652,2025-05-20,Pending,1.18,2.92
L0295,A0295,859807,240,16.79,Education,None,1265072.0960848962,2025-09-13,Pending,0.68,17.68
L0296,A0296,152332,36,19.35,Personal,None,193180.06932651327,2024-09-24,Verified,0.79,1.68
L0297,A0297,619536,240,16.41,Auto,None,667243.7447627606,2024-04-11,Pending,0.93,22.16
L0298,A0298,677802,48,16.03,Business,Vehicle,597820.9051647095,2024-02-01,Rejected,1.13,6.63
L0299,A0299,491310,12,14.42,Education,Property,505769.847637773,2025-08-10,Rejected,0.97,10.59
L0300,A0300,545637,360,16.84,Personal,Vehicle,692912.6699666402,2025-06-26,Rejected,0.79,3.59
L0301,A0301,287797,24,11.82,Personal,Property,365517.2627066168,2024-06-08,Verified,0.79,6.23
L0302,A0302,73346,240,13.29,Home,Vehicle,102484.50770261124,2025-07-16,Rejected,0.72,3.43
L0303,A0303,785996,48,12.62,Auto,Vehicle,980712.7136248798,2025-01-26,Pending,0.8,5.41
L0304,A0304,639400,240,10.86,Business,Property,853642.4067994666,2025-08-02,Verified,0.75,3.75
L0305,A0305,417385,120,11.68,Auto,Property,546831.157861098,2024-12-22,Rejected,0.76,8.4
L0306,A0306,397720,48,8.99,Personal,Vehicle,423075.3610673748,2025-05-01,Rejected,0.94,2.61
L0307,A0307,367222,240,18.1,Education,Property,301851.51633323263,2024-03-22,Verified,1.22,8.78
L0308,A0308,9751,36,11.36,Business,Property,10154.970068239032,2025-02-12,Pending,0.96,0.1
L0309,A0309,415776,60,15.01,Business,Vehicle,389793.5593526762,2025-01-15,Rejected,1.07,4.39
L0310,A0310,262846,36,7.11,Auto,Property,254697.46153304665,2025-01-28,Pending,1.03,6.23
L0311,A0311,508959,36,6.82,Education,None,433662.8548395708,2025-07-09,Rejected,1.17,9.02
L0312,A0312,179392,36,17.53,Personal,Vehicle,264154.53563824965,2024-09-28,Verified,0.68,6.42
L0313,A0313,904274,12,7.78,Auto,None,1317589.2015274414,2023-12-18,Rejected,0.69,13.22
L0314,A0314,72452,240,6.16,Business,Property,84320.09372400976,2024-08-10,Pending,0.86,0.51
L0315,A0315,112418,36,14.34,Personal,Vehicle,119694.14730509534,2025-09-06,Rejected,0.94,0.73
L0316,A0316,162578,36,10.75,Business,None,138800.26059246174,2024-08-28,Verified,1.17,1.26
L0317,A0317,996480,48,6.89,Business,Vehicle,1322278.8863757988,2025-08-21,Verified,0.75,5.57
L0318,A0318,847826,36,18.97,Home,None,976679.9320379896,2023-12-09,Rejected,0.87,4.35
L0319,A0319,256367,36,19.34,Auto,Property,246477.73979523903,2024-02-19,Verified,1.04,9.12
L0320,A0320,860521,180,12.63,Home,None,1050390.0502052498,2023-10-15,Rejected,0.82,6.92
L0321,A0321,941514,360,16.09,Education,Property,1248036.2351102568,2025-06-11,Pending,0.75,7.13
L0322,A0322,773765,12,7.54,Education,Property,743554.2887513619,2024-01-05,Rejected,1.04,4.25
L0323,A0323,194725,180,12.29,Business,None,263446.30231540225,2024-06-28,Rejected,0.74,1.18
L0324,A0324,388010,360,15.5,Auto,None,406269.9130992506,2023-12-14,Rejected,0.96,7.61
L0325,A0325,117355,48,13.04,Personal,Vehicle,97762.4285641391,2023-12-08,Pending,1.2,0.75
L0326,A0326,199759,120,16.63,Auto,None,266913.9780167347,2024-05-25,Verified,0.75,9.84
L0327,A0327,689279,36,10.46,Auto,Vehicle,763649.3349009281,2025-06-01,Pending,0.9,4.67
L0328,A0328,200524,120,8.92,Personal,None,269332.21211149934,2024-08-12,Rejected,0.74,1.16
L0329,A0329,375747,60,18.31,Auto,None,550195.1058259956,2025-01-18,Pending,0.68,1.96
L0330,A0330,354768,60,13.75,Education,Vehicle,497604.4165558207,2025-08-18,Verified,0.71,7.03
L0331,A0331,160711,12,15.43,Auto,Vehicle,149967.87614398246,2023-11-15,Pending,1.07,0.87
L0332,A0332,22104,180,18.86,Home,Vehicle,28026.535018675604,2025-09-10,Pending,0.79,0.12
L0333,A0333,514023,36,15.8,Personal,Property,644707.256391254,2024-12-23,Pending,0.8,4.1
L0334,A0334,212931,240,13.37,Home,Vehicle,308286.7297024745,2024-08-17,Rejected,0.69,1.46
L0335,A0335,942035,24,6.1,Education,Vehicle,1372929.7513830536,2024-01-01,Verified,0.69,7.69
L0336,A0336,694043,24,16.2,Home,None,619810.2406303061,2023-09-29,Pending,1.12,11.29
L0337,A0337,55428,24,10.52,Home,Vehicle,67472.78652187964,2025-08-26,Pending,0.82,0.63
L0338,A0338,557408,36,19.86,Auto,Property,455773.8188797509,2024-08-27,Rejected,1.22,6.56
L0339,A0339,446305,36,11.53,Auto,Vehicle,501523.674939922,2024-07-25,Rejected,0.89,2.64
L0340,A0340,410862,24,19.67,Home,None,548749.9581168082,2023-09-29,Rejected,0.75,2.31
L0341,A0341,179950,240,10.99,Personal,Vehicle,195359.8848181157,2024-11-28,Pending,0.92,2.95
L0342,A0342,243414,360,5.25,Home,Property,357609.6069180535,2024-04-26,Verified,0.68,2.12
L0343,A0343,133872,180,12.14,Business,Vehicle,108335.09284016077,2025-05-27,Rejected,1.24,3.74
L0344,A0344,193332,12,18.92,Personal,None,208893.51735893975,2025-08-22,Rejected,0.93,1.28
L0345,A0345,949822,60,9.11,Personal,None,1274225.2820475183,2025-04-05,Rejected,0.75,41.26
L0346,A0346,346661,12,7.87,Auto,Property,454791.8253187801,2024-10-26,Rejected,0.76,10.14
L0347,A0347,130006,120,9.53,Business,None,113785.24290839916,2024-12-15,Verified,1.14,0.97
L0348,A0348,971913,12,14.88,Personal,Vehicle,1044247.0897196698,2024-11-06,Pending,0.93,5.8
L0349,A0349,120919,24,5.6,Business,None,126993.10036287038,2025-07-24,Pending,0.95,1.7
L0350,A0350,131334,240,15.0,Education,None,140170.53295706178,2024-09-23,Pending,0.94,0.66
L0351,A0351,322423,360,5.97,Home,Vehicle,324067.04835779266,2025-03-16,Verified,0.99,3.36
L0352,A0352,662617,240,12.03,Education,None,971908.170625464,2024-07-07,Rejected,0.68,3.51
L0353,A0353,535512,180,13.57,Education,Vehicle,796237.5289521604,2024-09-02,Rejected,0.67,2.68
L0354,A0354,762909,36,12.94,Business,None,679165.4857723013,2025-08-12,Verified,1.12,5.39
L0355,A0355,566986,120,16.27,Personal,Vehicle,615591.2073180784,2025-09-05,Rejected,0.92,3.27
L0356,A0356,279624,120,19.11,Personal,None,285174.1215176251,2025-08-25,Pending,0.98,2.02
L0357,A0357,924228,48,7.9,Auto,Property,1053609.4248860923,2025-05-02,Rejected,0.88,5.38
L0358,A0358,676636,24,16.71,Education,Vehicle,799341.6769763726,2024-04-26,Verified,0.85,9.2
L0359,A0359,981186,240,8.91,Business,None,940276.1384047983,2024-01-12,Pending,1.04,19.63
L0360,A0360,421557,36,5.88,Education,Property,447525.52244171296,2024-06-25,Verified,0.94,2.86
L0361,A0361,773128,36,8.79,Business,Vehicle,700588.9398076998,2023-09-19,Rejected,1.1,14.88
L0362,A0362,214302,48,15.97,Home,None,267952.8984584922,2024-06-28,Rejected,0.8,1.59
L0363,A0363,19679,240,9.85,Home,None,19073.30570898811,2024-10-10,Pending,1.03,0.71
L0364,A0364,958393,36,18.85,Business,Property,1141594.5900844864,2023-12-23,Verified,0.84,15.04
L0365,A0365,203980,60,11.64,Home,Property,267689.5740239086,2024-01-05,Verified,0.76,2.44
L0366,A0366,916549,240,7.77,Education,None,807989.0772398657,2023-12-19,Rejected,1.13,8.87
L0367,A0367,887684,360,16.34,Home,Property,724379.8516729518,2025-05-22,Rejected,1.23,25.57
L0368,A0368,896356,240,15.52,Education,Vehicle,1280306.5000910035,2024-09-09,Verified,0.7,9.03
L0369,A0369,851467,180,16.56,Home,Property,1147230.1351393114,2024-05-15,Pending,0.74,29.66
L0370,A0370,687187,48,7.84,Auto,None,933469.3845460324,2024-06-24,Rejected,0.74,5.51
L0371,A0371,718099,36,7.48,Home,None,973168.4530475262,2023-11-20,Rejected,0.74,10.44
L0372,A0372,770005,60,9.63,Home,Property,917357.554290922,2025-04-06,Pending,0.84,5.45
L0373,A0373,237029,36,18.32,Home,Property,285293.7603045257,2024-01-30,Pending,0.83,1.36
L0374,A0374,675332,180,16.4,Home,Vehicle,686739.3321105504,2024-05-12,Verified,0.98,5.68
L0375,A0375,572894,120,13.74,Auto,None,770729.3254967519,2024-04-17,Verified,0.74,13.79
L0376,A0376,676144,240,13.5,Education,Vehicle,893753.1781232943,2024-09-01,Pending,0.76,6.16
L0377,A0377,107192,180,13.13,Personal,Vehicle,157359.3584656341,2024-02-05,Rejected,0.68,0.72
L0378,A0378,855835,48,6.29,Auto,Property,788534.0693341579,2024-12-23,Pending,1.09,4.64
L0379,A0379,802545,360,11.3,Business,Property,757839.9777514415,2023-10-14,Pending,1.06,9.18
L0380,A0380,787588,120,9.75,Personal,Property,897320.3189361825,2025-02-14,Rejected,0.88,12.29
L0381,A0381,987869,48,15.5,Auto,Property,1121761.2832011075,2024-04-10,Verified,0.88,6.81
L0382,A0382,481441,60,6.64,Home,Vehicle,651648.3338473499,2023-10-07,Pending,0.74,2.94
L0383,A0383,644706,24,14.73,Home,None,546568.3809814517,2025-04-19,Rejected,1.18,5.02
L0384,A0384,625100,180,9.31,Auto,Property,609415.2550596545,2024-01-14,Rejected,1.03,3.79
L0385,A0385,702562,48,14.19,Education,None,980558.9418591628,2024-05-09,Verified,0.72,4.17
L0386,A0386,463574,180,5.57,Home,None,618294.2817286478,2024-11-25,Pending,0.75,3.88
L0387,A0387,191601,36,9.53,Business,Vehicle,222884.9522050754,2024-09-16,Rejected,0.86,1.11
L0388,A0388,623006,180,19.64,Personal,Vehicle,500670.5172011185,2025-01-01,Verified,1.24,9.26
L0389,A0389,285372,36,13.67,Business,Vehicle,399443.6705571373,2025-05-19,Pending,0.71,3.63
L0390,A0390,805659,240,16.73,Business,Vehicle,830850.9752874831,2024-07-05,Pending,0.97,10.21
L0391,A0391,573457,240,19.1,Auto,Property,514112.37566187285,2025-07-17,Verified,1.12,3.2
L0392,A0392,458085,12,14.45,Home,Vehicle,489677.2736786889,2024-02-27,Verified,0.94,5.0
L0393,A0393,627556,360,5.11,Personal,None,675107.5513141449,2025-05-28,Pending,0.93,6.16
L0394,A0394,193260,12,5.52,Auto,None,163807.33928425628,2024-01-26,Verified,1.18,1.35
L0395,A0395,708130,240,11.93,Home,None,722547.065814484,2024-09-19,Rejected,0.98,4.7
L0396,A0396,887666,180,6.26,Auto,Property,1033988.0156414948,2024-11-24,Pending,0.86,5.39
L0397,A0397,35086,240,16.84,Home,None,38751.66409239285,2025-06-05,Verified,0.91,0.23
L0398,A0398,465828,360,13.19,Personal,Property,583272.9317946349,2024-06-01,Verified,0.8,6.09
L0399,A0399,649796,12,11.68,Home,Vehicle,944914.93510206,2024-12-24,Verified,0.69,4.35
L0400,A0400,87397,36,11.66,Auto,Vehicle,119290.80108450324,2024-10-07,Rejected,0.73,1.89
L0401,A0401,169900,180,8.16,Personal,Vehicle,225857.2504469252,2024-09-12,Pending,0.75,7.01
L0402,A0402,932355,48,17.39,Business,None,1332560.3281721375,2024-11-18,Pending,0.7,11.67
L0403,A0403,126472,36,8.11,Auto,Property,109860.5007079504,2025-08-14,Pending,1.15,2.21
L0404,A0404,169714,240,6.36,Auto,Vehicle,207367.62463239595,2025-04-04,Pending,0.82,1.34
L0405,A0405,473330,180,15.51,Education,None,633401.2962790058,2024-12-25,Rejected,0.75,3.33
L0406,A0406,267940,180,9.41,Business,Vehicle,231880.3115322035,2024-06-07,Pending,1.16,1.66
L0407,A0407,955210,120,11.72,Home,None,1428810.165727653,2024-12-26,Verified,0.67,5.45
L0408,A0408,995129,360,14.04,Home,Property,1159972.4569753709,2024-10-12,Pending,0.86,6.71
L0409,A0409,512730,360,13.66,Education,None,420435.7908699527,2024-08-01,Rejected,1.22,2.66
L0410,A0410,665979,180,18.12,Business,Property,560894.2340893224,2025-03-26,Verified,1.19,3.48
L0411,A0411,306221,240,17.77,Auto,Property,438704.9569918318,2024-01-30,Pending,0.7,3.91
L0412,A0412,98479,180,8.58,Education,Vehicle,134668.67470502175,2023-10-24,Rejected,0.73,0.67
L0413,A0413,649627,240,5.28,Education,Vehicle,543821.6621028124,2025-04-23,Pending,1.19,9.57
L0414,A0414,762632,120,8.59,Personal,None,732523.0259850379,2023-11-15,Rejected,1.04,4.82
L0415,A0415,189778,120,5.89,Business,Vehicle,176856.72084569457,2024-01-13,Pending,1.07,1.01
L0416,A0416,193728,120,9.68,Personal,Vehicle,221514.91756943535,2023-11-06,Pending,0.87,1.22
L0417,A0417,839322,60,19.58,Business,None,699901.2560573913,2025-03-01,Pending,1.2,7.54
L0418,A0418,723363,360,6.59,Education,Vehicle,1021033.0872336352,2023-12-29,Pending,0.71,12.57
L0419,A0419,302696,240,14.41,Auto,None,338119.68764817563,2025-02-27,Verified,0.9,1.73
L0420,A0420,542847,180,12.13,Personal,Property,643657.7355131787,2025-01-05,Pending,0.84,4.21
L0421,A0421,135800,360,18.13,Personal,None,116541.60222678503,2024-01-02,Rejected,1.17,1.09
L0422,A0422,140110,48,19.03,Personal,Vehicle,160283.2683794764,2025-04-04,Verified,0.87,0.89
L0423,A0423,53668,48,10.71,Education,Property,63473.68940594196,2024-07-02,Verified,0.85,0.78
L0424,A0424,173163,360,6.16,Auto,Property,172640.5062551996,2023-12-14,Rejected,1.0,1.32
L0425,A0425,86429,120,16.11,Business,Vehicle,100324.52664990647,2024-07-22,Verified,0.86,1.32
L0426,A0426,94943,240,14.13,Auto,Vehicle,138079.30916050388,2025-01-25,Pending,0.69,2.86
L0427,A0427,464768,60,8.62,Business,Vehicle,502059.4969389573,2025-03-19,Rejected,0.93,3.56
L0428,A0428,86879,120,9.72,Auto,Vehicle,117562.41869091574,2023-10-23,Pending,0.74,0.62
L0429,A0429,320322,180,7.01,Personal,None,310291.8058785836,2025-09-15,Pending,1.03,1.66
L0430,A0430,714177,240,13.6,Business,Property,764008.9259545532,2024-11-24,Verified,0.93,18.45
L0431,A0431,678312,180,10.11,Education,None,817689.5198574819,2023-10-01,Pending,0.83,17.53
L0432,A0432,972635,36,12.63,Home,Vehicle,1171900.8912257918,2025-03-31,Verified,0.83,5.37
L0433,A0433,903289,24,18.39,Home,Property,1057924.302133949,2025-06-13,Rejected,0.85,5.08
L0434,A0434,211538,360,10.21,Home,None,293066.09027128806,2023-09-27,Verified,0.72,2.95
L0435,A0435,11568,180,5.92,Business,Property,13654.942141702646,2025-01-21,Pending,0.85,0.11
L0436,A0436,985202,360,10.11,Auto,None,1443740.8887313136,2024-10-28,Pending,0.68,7.01
L0437,A0437,846186,12,12.48,Personal,Vehicle,749571.280073737,2025-08-20,Pending,1.13,16.56
L0438,A0438,51067,12,13.16,Home,Property,66234.38360546123,2024-09-14,Pending,0.77,0.61
L0439,A0439,800871,120,7.0,Home,Property,796953.5695957958,2024-11-15,Pending,1.0,20.06
L0440,A0440,753055,48,14.59,Personal,Property,808007.6823288567,2024-12-29,Rejected,0.93,4.43
L0441,A0441,724522,12,19.94,Business,None,584238.3164105515,2025-05-02,Pending,1.24,14.46
L0442,A0442,867860,360,11.11,Auto,None,744607.0893796481,2023-12-30,Pending,1.17,19.91
L0443,A0443,199744,240,13.1,Personal,Property,195597.1815057371,2024-10-08,Rejected,1.02,1.16
L0444,A0444,862390,48,17.46,Home,None,1183802.3172521384,2025-05-31,Verified,0.73,25.8
L0445,A0445,464186,120,14.0,Personal,None,463858.3942740116,2025-07-08,Verified,1.0,8.76
L0446,A0446,564950,360,13.17,Home,None,697791.2956371292,2023-12-16,Rejected,0.81,3.36
L0447,A0447,169091,24,14.27,Business,Vehicle,169015.079015494,2025-04-09,Verified,1.0,1.24
L0448,A0448,728759,120,12.13,Home,None,847583.3098477401,2024-09-18,Verified,0.86,33.07
L0449,A0449,763446,120,5.23,Auto,Property,1127375.5028964158,2024-01-23,Pending,0.68,5.74
L0450,A0450,571950,12,19.61,Personal,Vehicle,705173.0781068355,2023-12-23,Verified,0.81,8.38
L0451,A0451,892696,48,9.1,Auto,None,1313238.485848582,2024-01-16,Rejected,0.68,10.34
L0452,A0452,624511,36,16.02,Business,Property,782761.286618043,2025-01-06,Verified,0.8,3.4
L0453,A0453,485841,60,5.7,Auto,Property,513313.4082606408,2025-06-10,Rejected,0.95,4.06
L0454,A0454,367661,180,15.81,Education,None,480097.53487574233,2025-08-13,Pending,0.77,3.32
L0455,A0455,305124,240,7.75,Education,Property,257387.37121348977,2025-09-18,Pending,1.19,2.2
L0456,A0456,782680,60,13.24,Education,Vehicle,1136271.5445828205,2024-02-02,Pending,0.69,4.12
L0457,A0457,326195,180,8.04,Auto,Property,468278.42453945166,2023-12-17,Rejected,0.7,2.78
L0458,A0458,168250,240,8.49,Auto,None,141361.21022566725,2023-11-09,Verified,1.19,1.45
L0459,A0459,38505,360,14.31,Auto,Vehicle,53422.88844125781,2025-03-12,Verified,0.72,0.41
L0460,A0460,724870,36,12.96,Education,Vehicle,1052745.4349916745,2025-04-09,Rejected,0.69,4.35
L0461,A0461,33002,180,14.91,Auto,None,43534.77212543795,2023-09-29,Rejected,0.76,0.17
L0462,A0462,123033,12,19.27,Business,Vehicle,139723.09553168237,2024-10-11,Rejected,0.88,0.91
L0463,A0463,609022,120,14.89,Personal,None,896052.9347140437,2024-10-02,Pending,0.68,5.95
L0464,A0464,926897,240,7.82,Auto,Vehicle,1136229.785834258,2025-04-01,Rejected,0.82,7.57
L0465,A0465,421044,36,19.13,Education,Vehicle,574041.6504830582,2024-02-18,Rejected,0.73,2.22
L0466,A0466,532458,60,13.56,Business,Property,608646.8782411799,2025-03-22,Verified,0.87,9.33
L0467,A0467,158758,48,7.84,Business,Property,153084.53647041984,2024-01-13,Verified,1.04,1.91
L0468,A0468,843377,24,13.17,Business,Vehicle,917267.1048299732,2024-11-25,Verified,0.92,31.08
L0469,A0469,78689,180,18.84,Personal,Property,75742.74019897604,2024-11-16,Verified,1.04,0.82
L0470,A0470,723647,180,6.91,Personal,Vehicle,941701.1972515484,2025-08-15,Rejected,0.77,9.12
L0471,A0471,800006,36,15.85,Business,Property,855098.3125263496,2023-10-02,Pending,0.94,4.91
L0472,A0472,773571,36,16.7,Business,Property,798494.4477185139,2025-06-26,Rejected,0.97,8.41
L0473,A0473,770960,360,15.04,Business,None,1076936.5222570156,2024-11-09,Pending,0.72,9.77
L0474,A0474,669963,240,5.88,Home,Property,988409.0905416198,2025-02-15,Rejected,0.68,5.45
L0475,A0475,718641,48,16.43,Business,None,593649.9795546099,2024-04-07,Rejected,1.21,10.98
L0476,A0476,35317,120,9.97,Business,Property,31780.039514726726,2025-07-15,Pending,1.11,0.28
L0477,A0477,559062,60,13.71,Home,None,833077.0027424564,2025-04-20,Pending,0.67,13.59
L0478,A0478,979343,120,18.86,Auto,Property,970723.7567114448,2025-08-18,Rejected,1.01,5.78
L0479,A0479,357474,36,10.22,Home,Property,372972.1208538447,2023-11-25,Rejected,0.96,1.84
L0480,A0480,971291,48,9.91,Auto,Vehicle,941296.6277130424,2024-05-09,Rejected,1.03,23.3
L0481,A0481,364131,48,19.22,Business,Vehicle,296017.34221161326,2025-03-19,Rejected,1.23,2.57
L0482,A0482,112383,360,11.95,Education,Property,133579.81089955132,2024-01-16,Rejected,0.84,3.65
L0483,A0483,940278,48,9.81,Home,None,902391.8755361172,2024-11-25,Pending,1.04,7.72
L0484,A0484,260663,60,14.32,Education,Vehicle,219096.34957007936,2023-09-27,Pending,1.19,7.08
L0485,A0485,343838,24,5.5,Personal,Vehicle,480888.42907146696,2024-06-07,Verified,0.72,8.5
L0486,A0486,371242,360,12.0,Personal,Vehicle,459347.4100884798,2025-08-20,Pending,0.81,2.11
L0487,A0487,746100,36,5.97,Business,Vehicle,755416.879022025,2025-02-01,Pending,0.99,15.69
L0488,A0488,128725,24,5.43,Business,Vehicle,139966.92133866408,2024-01-16,Rejected,0.92,0.8
L0489,A0489,11864,120,14.4,Auto,None,14632.645775003331,2024-05-19,Verified,0.81,0.09
L0490,A0490,580992,36,6.73,Personal,Property,654919.9398444213,2025-07-18,Verified,0.89,2.93
L0491,A0491,906724,240,12.01,Education,None,1206458.3890294477,2024-10-02,Verified,0.75,4.94
L0492,A0492,173320,48,12.6,Personal,Property,241251.0083110385,2025-04-05,Verified,0.72,2.01
L0493,A0493,649207,60,15.17,Auto,Vehicle,529541.2869299537,2024-10-20,Verified,1.23,8.13
L0494,A0494,718262,60,14.64,Personal,Vehicle,955326.1301126066,2025-03-03,Verified,0.75,4.18
L0495,A0495,11037,24,15.77,Auto,None,11084.469302593528,2024-06-10,Verified,1.0,0.11
L0496,A0496,445557,24,15.58,Home,None,607987.948865848,2024-01-14,Pending,0.73,5.24
L0497,A0497,385931,60,8.65,Business,Vehicle,540516.4772246472,2024-09-24,Verified,0.71,2.7
L0498,A0498,933956,360,15.2,Personal,Property,941240.3598361512,2025-08-13,Verified,0.99,13.27
L0499,A0499,615991,36,16.7,Education,None,785694.26550363,2024-08-23,Verified,0.78,3.56
L0500,A0500,538718,240,16.27,Business,Property,702153.0851933752,2024-09-10,Pending,0.77,7.68
L0501,A0501,956267,60,14.35,Education,Vehicle,1095248.423792519,2024-12-15,Pending,0.87,7.87
L0502,A0502,846690,120,14.61,Home,None,1120428.8566858135,2025-02-06,Verified,0.76,9.99
L0503,A0503,252740,120,18.04,Auto,None,344611.3627199459,2024-07-03,Pending,0.73,1.54
L0504,A0504,661275,24,13.2,Education,Vehicle,745726.4848432449,2023-11-10,Pending,0.89,7.43
L0505,A0505,406630,360,5.22,Auto,Vehicle,395786.5115223956,2024-03-03,Verified,1.03,3.8
L0506,A0506,751747,360,19.99,Home,None,952419.6928473904,2024-05-10,Rejected,0.79,4.69
L0507,A0507,706635,12,19.33,Education,Property,1055072.8771058396,2023-11-20,Pending,0.67,11.59
L0508,A0508,530722,180,15.21,Personal,Vehicle,672835.982726225,2024-08-20,Verified,0.79,5.31
L0509,A0509,976193,60,19.15,Auto,None,1443598.1514524145,2025-08-15,Pending,0.68,7.35
L0510,A0510,341767,36,16.45,Personal,Property,307741.4222642348,2024-12-20,Verified,1.11,14.78
L0511,A0511,182600,48,13.31,Business,None,221129.07958403043,2025-03-03,Rejected,0.83,1.27
L0512,A0512,581481,360,9.73,Home,None,553024.9112027305,2025-06-22,Verified,1.05,8.04
L0513,A0513,9430,24,14.77,Auto,None,8356.75013781165,2024-07-30,Verified,1.13,0.07
L0514,A0514,244374,12,9.09,Personal,None,322592.383023061,2023-10-11,Verified,0.76,8.03
L0515,A0515,106518,60,19.04,Education,None,155224.45741250805,2024-06-21,Pending,0.69,0.53
L0516,A0516,740828,120,8.95,Auto,Vehicle,972616.2483889172,2025-08-03,Rejected,0.76,9.68
L0517,A0517,795592,48,16.56,Home,Vehicle,649659.0510772364,2025-03-18,Pending,1.22,4.85
L0518,A0518,106336,360,6.08,Business,None,127998.5599318624,2023-12-23,Pending,0.83,0.59
L0519,A0519,729786,60,10.14,Business,Property,984770.7350752164,2025-07-31,Verified,0.74,10.67
L0520,A0520,406038,120,9.25,Education,Property,586219.0689612285,2024-11-16,Rejected,0.69,7.03
L0521,A0521,76753,360,11.74,Education,Property,94440.39720221484,2025-07-19,Rejected,0.81,0.98
L0522,A0522,451496,36,13.03,Home,None,393256.56457243866,2024-07-22,Verified,1.15,3.59
L0523,A0523,864593,360,16.14,Auto,Property,1167534.149330019,2024-11-09,Verified,0.74,5.68
L0524,A0524,192690,48,10.44,Education,Property,214105.23531074284,2024-06-07,Verified,0.9,1.25
L0525,A0525,461353,60,15.37,Home,Property,490341.69902324944,2024-12-18,Pending,0.94,2.67
L0526,A0526,378351,36,13.42,Education,None,321857.9882378148,2023-11-06,Rejected,1.18,2.02
L0527,A0527,528496,12,6.22,Education,Vehicle,598232.2901849817,2023-11-25,Verified,0.88,3.07
L0528,A0528,992160,48,8.27,Auto,Vehicle,1180235.2855609993,2024-04-05,Rejected,0.84,12.35
L0529,A0529,71845,12,9.51,Auto,None,84355.52924045635,2025-05-14,Pending,0.85,2.68
L0530,A0530,466108,360,7.88,Business,Vehicle,433036.1501388448,2025-08-24,Pending,1.08,3.79
L0531,A0531,299087,36,16.23,Education,None,290355.1148368748,2024-10-12,Pending,1.03,1.64
L0532,A0532,187593,36,15.34,Education,Property,173618.42869368626,2024-06-06,Rejected,1.08,2.73
L0533,A0533,709542,48,14.31,Auto,Property,970164.134706644,2025-03-31,Pending,0.73,4.18
L0534,A0534,137746,240,9.96,Business,Vehicle,188349.85315927403,2025-06-04,Pending,0.73,2.42
L0535,A0535,630983,360,14.55,Home,Property,845089.8660399424,2024-10-26,Pending,0.75,3.42
L0536,A0536,584148,36,15.44,Home,None,638919.6045254009,2025-04-26,Verified,0.91,3.35
L0537,A0537,111006,180,11.42,Home,Property,119966.72071283456,2024-08-10,Pending,0.93,0.61
L0538,A0538,452889,12,11.74,Personal,Vehicle,591009.6879630212,2024-05-31,Verified,0.77,4.2
L0539,A0539,744437,24,19.55,Education,None,954651.0787323472,2025-03-20,Verified,0.78,4.89
L0540,A0540,306695,60,14.37,Education,Vehicle,359036.9034619144,2023-09-26,Rejected,0.85,2.33
L0541,A0541,258186,12,10.12,Auto,Property,292237.6373520087,2025-03-29,Rejected,0.88,1.77
L0542,A0542,314513,36,19.55,Home,None,469434.24639225815,2024-08-21,Rejected,0.67,1.88
L0543,A0543,715827,240,17.76,Home,Property,767642.607857143,2023-11-17,Pending,0.93,14.28
L0544,A0544,861299,48,15.7,Auto,Vehicle,1116773.3078633707,2025-04-26,Rejected,0.77,6.37
L0545,A0545,562358,60,14.78,Education,Vehicle,818892.8205692763,2025-08-05,Verified,0.69,13.69
L0546,A0546,534169,120,15.57,Home,Vehicle,799328.6571209788,2025-09-05,Rejected,0.67,2.67
L0547,A0547,292490,360,13.23,Auto,Vehicle,308087.7195255226,2025-07-21,Rejected,0.95,1.76
L0548,A0548,397209,120,10.84,Home,None,330660.92233656585,2025-05-11,Rejected,1.2,2.31
L0549,A0549,101004,240,16.45,Business,Property,83979.81312591524,2024-06-12,Verified,1.2,0.75
L0550,A0550,158465,180,11.37,Business,None,197151.0855099112,2025-08-28,Pending,0.8,0.99
L0551,A0551,334398,360,8.86,Auto,Property,347817.7866658996,2025-07-24,Pending,0.96,2.22
L0552,A0552,938376,60,5.51,Business,None,1301479.0256130884,2025-04-02,Pending,0.72,5.86
L0553,A0553,979012,240,8.75,Education,None,929076.9324650108,2023-10-25,Rejected,1.05,5.95
L0554,A0554,597095,24,9.63,Auto,Property,535063.5268360209,2025-08-06,Verified,1.12,6.81
L0555,A0555,260215,360,14.74,Home,None,283454.4404367767,2024-05-29,Verified,0.92,2.73
L0556,A0556,185656,12,9.03,Personal,None,221577.7962101856,2024-07-16,Pending,0.84,1.45
L0557,A0557,413575,240,14.96,Education,None,502898.43886417325,2025-07-08,Pending,0.82,13.12
L0558,A0558,837847,120,13.33,Auto,Vehicle,982220.3855411734,2025-04-07,Verified,0.85,4.35
L0559,A0559,20260,60,18.64,Business,Vehicle,28793.057458541112,2025-05-01,Rejected,0.7,0.32
L0560,A0560,791282,24,19.34,Auto,Property,1034723.2475542328,2024-06-26,Pending,0.76,7.28
L0561,A0561,514673,240,5.58,Auto,Property,646880.1812379018,2023-11-04,Verified,0.8,3.64
L0562,A0562,26392,24,13.33,Auto,Vehicle,23263.350377288905,2024-07-15,Rejected,1.13,0.38
L0563,A0563,595892,48,13.94,Home,None,831690.5445804534,2023-10-18,Pending,0.72,13.33
L0564,A0564,196348,36,6.53,Home,Vehicle,202569.54565608004,2023-12-06,Pending,0.97,1.01
L0565,A0565,199667,12,13.32,Personal,Property,284635.0081828754,2024-02-13,Verified,0.7,3.04
L0566,A0566,766954,120,9.88,Auto,Property,952848.5175246306,2024-02-14,Verified,0.8,13.74
L0567,A0567,711171,240,11.67,Education,Property,850111.465589833,2025-03-25,Pending,0.84,4.67
L0568,A0568,143992,48,17.4,Auto,Vehicle,162902.1360165701,2024-10-06,Verified,0.88,1.32
L0569,A0569,176779,240,16.97,Auto,Vehicle,174725.99124529932,2025-03-30,Pending,1.01,1.02
L0570,A0570,196661,240,14.51,Personal,Vehicle,257583.0579512132,2024-05-29,Rejected,0.76,1.36
L0571,A0571,769912,120,13.86,Auto,None,645113.9865860493,2025-01-19,Rejected,1.19,6.91
L0572,A0572,379450,24,18.88,Auto,Property,565241.4008788448,2025-06-09,Verified,0.67,2.71
L0573,A0573,771745,180,5.55,Auto,Property,914193.631679108,2024-12-03,Verified,0.84,6.32
L0574,A0574,194953,120,16.08,Personal,Property,189594.1094157475,2023-10-04,Rejected,1.03,1.05
L0575,A0575,777827,240,5.34,Personal,Vehicle,897663.8154157118,2023-11-30,Pending,0.87,6.65
L0576,A0576,726967,60,11.02,Auto,None,923080.188640808,2024-01-16,Rejected,0.79,4.48
L0577,A0577,889964,24,12.98,Auto,Vehicle,1059015.6124925276,2025-05-07,Verified,0.84,20.69
L0578,A0578,987304,24,15.82,Home,Property,1448069.8397860648,2025-06-03,Rejected,0.68,12.77
L0579,A0579,64173,36,19.34,Personal,Vehicle,77603.34025549846,2023-11-14,Verified,0.83,0.61
L0580,A0580,976524,48,14.18,Education,Vehicle,1024088.7165516912,2024-11-17,Pending,0.95,9.53
L0581,A0581,709036,360,10.08,Personal,Vehicle,880478.3990976171,2024-05-30,Pending,0.81,8.07
L0582,A0582,412606,360,19.28,Personal,Property,472827.79868940107,2025-08-29,Pending,0.87,4.21
L0583,A0583,687319,180,14.83,Personal,None,571983.4602282777,2025-02-27,Rejected,1.2,3.97
L0584,A0584,371864,120,14.46,Personal,Property,529021.4051656028,2023-09-25,Rejected,0.7,3.01
L0585,A0585,736944,36,15.87,Home,Vehicle,612605.4533611834,2025-03-06,Rejected,1.2,5.19
L0586,A0586,606693,60,18.93,Home,Property,670309.2855069967,2024-03-05,Verified,0.91,4.05
L0587,A0587,643327,48,15.49,Home,Property,833026.6573387438,2025-08-27,Rejected,0.77,3.83
L0588,A0588,830284,240,6.27,Education,Property,684141.103047981,2025-08-14,Rejected,1.21,7.89
L0589,A0589,560315,36,8.38,Education,None,619170.3347887562,2025-01-19,Pending,0.9,8.89
L0590,A0590,356047,60,11.43,Education,Property,478757.59505186166,2025-03-08,Verified,0.74,4.23
L0591,A0591,701141,24,17.75,Home,Property,666776.446367015,2024-06-24,Verified,1.05,5.57
L0592,A0592,856194,36,19.12,Personal,Property,859089.7372751975,2024-05-01,Verified,1.0,6.02
L0593,A0593,206085,360,6.75,Home,None,295139.9004571884,2024-10-23,Verified,0.7,5.2
L0594,A0594,111670,60,15.21,Personal,Property,157921.0988110502,2024-01-03,Verified,0.71,1.37
L0595,A0595,731387,360,12.42,Personal,Vehicle,675185.0588575443,2025-01-17,Verified,1.08,6.59
L0596,A0596,681175,48,5.8,Education,None,950606.399253204,2024-11-05,Rejected,0.72,5.48
L0597,A0597,493432,360,7.79,Business,None,425052.334782679,2025-05-02,Verified,1.16,4.16
L0598,A0598,447239,12,13.88,Business,Property,445393.1959613608,2023-12-19,Rejected,1.0,8.53
L0599,A0599,870421,60,10.26,Business,Property,780790.473415787,2024-09-17,Verified,1.11,5.83
L0600,A0600,708333,12,8.47,Business,None,841820.415449948,2023-10-18,Rejected,0.84,11.56
L0601,A0601,771675,24,16.61,Auto,Property,899954.8729527628,2024-03-23,Pending,0.86,9.36
L0602,A0602,501302,120,11.26,Business,Property,679694.8750249814,2024-12-03,Verified,0.74,11.27
L0603,A0603,15431,24,16.11,Home,None,18948.01951337064,2023-11-30,Verified,0.81,0.08
L0604,A0604,642323,24,12.83,Auto,None,680060.3304764755,2024-03-03,Pending,0.94,4.25
L0605,A0605,637301,120,14.02,Home,None,526892.8454073905,2024-08-09,Verified,1.21,3.26
L0606,A0606,421879,12,14.6,Education,None,389562.76802503417,2024-05-28,Rejected,1.08,4.36
L0607,A0607,244951,360,6.12,Auto,None,331387.878868907,2023-10-29,Rejected,0.74,2.03
L0608,A0608,546810,360,17.61,Education,Property,440502.8301492579,2024-06-06,Verified,1.24,2.92
L0609,A0609,258283,48,6.87,Home,Property,341094.78994285763,2024-04-07,Verified,0.76,1.34
L0610,A0610,616169,180,5.12,Education,None,657033.5817403618,2025-07-11,Rejected,0.94,9.77
L0611,A0611,41147,12,17.38,Business,None,51282.63908696118,2024-01-29,Rejected,0.8,0.69
L0612,A0612,762328,12,18.61,Auto,Property,1057272.761880108,2025-06-13,Verified,0.72,9.18
L0613,A0613,264715,240,6.63,Business,Vehicle,382043.12595888,2024-09-05,Verified,0.69,9.79
L0614,A0614,470001,60,7.12,Auto,None,493820.9208588322,2024-04-13,Verified,0.95,9.12
L0615,A0615,578512,12,19.14,Education,None,608157.194978059,2024-10-30,Rejected,0.95,24.03
L0616,A0616,534014,12,17.71,Home,Vehicle,509502.6301509192,2025-07-25,Verified,1.05,5.42
L0617,A0617,967869,240,5.06,Personal,Vehicle,1398648.7554054183,2023-11-02,Pending,0.69,7.07
L0618,A0618,471540,24,9.4,Business,Property,630987.0293312115,2025-03-28,Verified,0.75,12.76
L0619,A0619,565225,120,9.87,Education,Vehicle,494536.98382971104,2025-09-16,Rejected,1.14,2.91
L0620,A0620,831822,36,8.31,Education,None,722951.4914657002,2025-07-08,Verified,1.15,7.48
L0621,A0621,540926,180,9.16,Business,Property,502638.5790389353,2024-06-11,Verified,1.08,3.64
L0622,A0622,594130,360,7.3,Business,Property,684355.1734359062,2023-09-27,Verified,0.87,20.83
L0623,A0623,734977,120,15.6,Home,Vehicle,865742.0340447276,2023-10-21,Verified,0.85,4.07
L0624,A0624,477651,60,19.8,Personal,None,674801.5357074008,2024-03-13,Rejected,0.71,2.46
L0625,A0625,126878,48,7.44,Auto,Property,184852.8083392848,2024-03-13,Verified,0.69,0.8
L0626,A0626,438892,12,11.74,Personal,None,376418.4937497327,2024-09-16,Rejected,1.17,6.02
L0627,A0627,337846,60,18.15,Home,Property,320053.0547308959,2024-10-22,Verified,1.06,4.56
L0628,A0628,175936,60,12.08,Business,Vehicle,154323.92165766133,2024-06-08,Verified,1.14,1.74
L0629,A0629,493461,180,16.86,Education,Vehicle,686323.2243730683,2025-09-05,Pending,0.72,2.98
L0630,A0630,93244,60,7.65,Personal,Property,97038.49720093918,2024-02-03,Verified,0.96,0.59
L0631,A0631,999013,36,11.46,Business,Vehicle,946187.334089804,2024-09-03,Pending,1.06,24.27
L0632,A0632,384294,48,16.79,Auto,None,464023.7421314808,2024-10-15,Rejected,0.83,2.26
L0633,A0633,785606,12,18.9,Personal,Property,736931.421053572,2025-03-02,Verified,1.07,4.19
L0634,A0634,695414,240,16.8,Personal,None,995492.5768013252,2024-07-22,Rejected,0.7,3.84
L0635,A0635,118407,12,15.54,Education,None,168431.0465967977,2024-09-27,Verified,0.7,0.67
L0636,A0636,386952,12,19.12,Business,Vehicle,333094.03298280906,2025-05-23,Pending,1.16,3.93
L0637,A0637,659334,180,7.24,Home,None,755062.2599303161,2023-10-07,Pending,0.87,7.73
L0638,A0638,541693,180,13.54,Personal,Property,502967.9769750554,2023-10-28,Rejected,1.08,4.71
L0639,A0639,959687,60,10.05,Home,Property,1295494.0070887331,2023-12-16,Verified,0.74,6.37
L0640,A0640,536968,360,13.02,Education,Vehicle,479689.8739658063,2023-11-25,Verified,1.12,3.97
L0641,A0641,497192,24,8.61,Personal,None,633653.6742005137,2025-08-28,Verified,0.78,3.16
L0642,A0642,800895,60,8.22,Business,Property,1087193.2422516656,2025-08-30,Verified,0.74,12.85
L0643,A0643,72882,180,14.81,Business,None,93474.7870248913,2025-05-03,Rejected,0.78,0.97
L0644,A0644,221016,120,8.53,Home,Vehicle,290021.3073604703,2023-10-07,Pending,0.76,1.52
L0645,A0645,771127,180,12.31,Business,None,874644.7779857324,2023-11-21,Verified,0.88,17.3
L0646,A0646,271375,60,13.01,Personal,None,302360.74103196274,2025-05-20,Rejected,0.9,8.25
L0647,A0647,602166,60,17.03,Education,Vehicle,587068.5781670237,2025-03-25,Verified,1.03,3.56
L0648,A0648,573645,180,11.15,Personal,None,575311.2739304564,2024-10-13,Verified,1.0,5.87
L0649,A0649,482588,24,13.33,Home,None,552884.8377985877,2025-09-06,Verified,0.87,11.36
L0650,A0650,184013,60,9.0,Home,Vehicle,183901.7698500736,2025-07-28,Verified,1.0,3.17
L0651,A0651,698578,60,13.15,Personal,Vehicle,647952.8873171348,2024-11-03,Verified,1.08,20.56
L0652,A0652,876556,12,19.7,Business,Property,1181958.079399467,2025-01-29,Verified,0.74,12.18
L0653,A0653,771586,24,13.69,Auto,Vehicle,803272.6922689541,2023-10-24,Verified,0.96,9.43
L0654,A0654,412386,48,8.9,Home,Property,582431.525487261,2025-08-15,Verified,0.71,2.49
L0655,A0655,125956,360,16.39,Education,Property,168059.52825782733,2024-09-26,Rejected,0.75,1.08
L0656,A0656,529103,240,12.41,Auto,Property,580506.160917427,2024-04-26,Verified,0.91,5.85
L0657,A0657,308071,36,8.57,Personal,None,451937.328014444,2025-08-25,Rejected,0.68,7.02
L0658,A0658,376630,240,14.44,Auto,Property,497812.1062597374,2023-10-29,Rejected,0.76,4.14
L0659,A0659,350043,60,15.02,Business,None,339311.1479418701,2024-10-15,Rejected,1.03,11.04
L0660,A0660,325751,36,5.8,Home,None,463377.2673034888,2025-01-24,Pending,0.7,3.37
L0661,A0661,529026,24,5.7,Auto,Vehicle,566446.3432662424,2025-06-29,Pending,0.93,8.82
L0662,A0662,363577,24,5.67,Business,Property,524176.1563061234,2025-03-24,Verified,0.69,11.39
L0663,A0663,959728,360,6.38,Education,None,1123880.681824219,2025-03-06,Rejected,0.85,8.84
L0664,A0664,815986,48,12.13,Education,Property,1106392.8053953769,2025-08-26,Pending,0.74,6.39
L0665,A0665,731668,24,15.17,Auto,Vehicle,796236.3682423304,2025-02-25,Verified,0.92,4.4
L0666,A0666,747285,60,16.24,Business,None,898462.0485882954,2025-03-16,Pending,0.83,17.31
L0667,A0667,900394,360,12.69,Personal,Vehicle,1165204.3092186605,2025-08-06,Verified,0.77,10.94
L0668,A0668,212606,36,9.29,Auto,None,289559.36302118213,2024-03-11,Pending,0.73,6.2
L0669,A0669,156527,120,16.09,Home,Property,213397.7235899835,2024-12-24,Pending,0.73,1.19
L0670,A0670,372107,48,11.56,Personal,Property,307174.2892900296,2025-05-17,Pending,1.21,6.92
L0671,A0671,355605,48,10.17,Personal,None,437183.8339354044,2024-04-20,Verified,0.81,1.95
L0672,A0672,675382,180,14.69,Business,Property,925003.8767301352,2024-07-06,Rejected,0.73,3.57
L0673,A0673,510147,48,17.09,Auto,Vehicle,442229.1095434353,2024-12-01,Verified,1.15,12.12
L0674,A0674,560428,180,16.84,Education,Property,664570.4387340331,2024-02-08,Verified,0.84,4.13
L0675,A0675,610220,24,19.06,Education,None,615518.2455125797,2024-06-18,Verified,0.99,3.26
L0676,A0676,462342,36,18.32,Personal,Property,659057.268439289,2023-09-23,Verified,0.7,4.19
L0677,A0677,436136,60,15.65,Personal,Vehicle,393898.8760096568,2024-08-05,Pending,1.11,2.38
L0678,A0678,37475,120,16.22,Auto,None,30581.08537381211,2023-11-27,Pending,1.23,0.29
L0679,A0679,551771,60,12.15,Education,None,465395.608386642,2025-08-21,Rejected,1.19,3.39
L0680,A0680,777440,60,15.08,Home,Vehicle,979362.0842337838,2025-02-04,Pending,0.79,38.31
L0681,A0681,878090,240,19.56,Business,Vehicle,737626.074859556,2025-08-21,Pending,1.19,37.64
L0682,A0682,867725,120,10.61,Home,Property,862122.6549638751,2024-08-23,Verified,1.01,6.66
L0683,A0683,198756,360,17.26,Home,Vehicle,283096.5534310152,2024-07-21,Pending,0.7,1.14
L0684,A0684,82799,120,5.06,Personal,None,100190.07659886272,2024-06-18,Pending,0.83,0.68
L0685,A0685,889732,180,19.91,Home,Vehicle,985921.4406401888,2024-11-26,Verified,0.9,4.67
L0686,A0686,150270,180,8.24,Auto,Vehicle,138609.60552273443,2023-11-24,Rejected,1.08,0.87
L0687,A0687,824035,60,10.32,Personal,Vehicle,1024048.1052567724,2024-07-24,Rejected,0.8,14.67
L0688,A0688,607903,240,16.31,Education,Property,581929.957013581,2024-05-09,Rejected,1.04,3.06
L0689,A0689,16241,60,14.2,Education,Vehicle,17538.229022914686,2025-03-17,Pending,0.93,0.19
L0690,A0690,249903,180,12.56,Business,None,336450.5602275421,2025-03-07,Verified,0.74,1.27
L0691,A0691,859893,48,6.18,Home,None,1166129.095491686,2023-12-04,Rejected,0.74,21.98
L0692,A0692,525796,180,13.72,Home,None,538482.3805898447,2024-09-09,Rejected,0.98,3.26
L0693,A0693,861017,60,9.03,Education,Property,994008.4416343966,2024-08-25,Verified,0.87,4.9
L0694,A0694,822570,240,10.03,Home,Vehicle,1051596.9306335852,2025-02-23,Rejected,0.78,8.5
L0695,A0695,718710,36,19.34,Home,Vehicle,876489.7555518156,2025-08-27,Pending,0.82,14.26
L0696,A0696,300386,60,14.02,Education,Property,304344.06510755327,2023-10-20,Pending,0.99,5.82
L0697,A0697,992163,36,11.88,Auto,None,1445868.3649347532,2025-08-17,Rejected,0.69,30.68
L0698,A0698,42162,24,5.18,Personal,Property,63099.29692692462,2024-05-29,Rejected,0.67,0.81
L0699,A0699,172606,360,19.21,Business,Property,181410.9930015026,2023-09-26,Verified,0.95,4.81
L0700,A0700,826647,12,14.11,Auto,Property,719927.2867406292,2025-02-25,Pending,1.15,7.58
L0701,A0701,704253,240,18.15,Education,None,696823.4972291269,2024-04-01,Rejected,1.01,4.26
L0702,A0702,984981,24,9.82,Education,None,1208677.0857495398,2024-02-19,Rejected,0.81,25.03
L0703,A0703,543164,240,15.39,Education,Vehicle,720947.5384304979,2024-03-03,Verified,0.75,2.97
L0704,A0704,968774,360,9.81,Home,Property,1390273.5656688588,2023-12-09,Rejected,0.7,4.96
L0705,A0705,74343,36,11.87,Education,Vehicle,66124.84122139496,2023-09-30,Verified,1.12,0.65
L0706,A0706,654926,24,14.43,Auto,Property,737009.7537186219,2024-02-21,Pending,0.89,4.2
L0707,A0707,481508,36,6.8,Education,Vehicle,689889.8722709507,2024-08-13,Pending,0.7,3.09
L0708,A0708,478948,120,17.97,Education,Vehicle,386159.1364480568,2025-06-18,Rejected,1.24,3.62
L0709,A0709,760778,240,13.66,Auto,Property,953494.8551114378,2025-02-28,Rejected,0.8,7.87
L0710,A0710,13915,180,10.37,Education,Vehicle,12423.066500451616,2025-08-08,Verified,1.12,0.33
L0711,A0711,711728,180,17.09,Education,Property,882767.7099900572,2024-03-30,Pending,0.81,5.86
L0712,A0712,830785,48,11.0,Education,Property,757458.2481768213,2024-08-14,Verified,1.1,17.01
L0713,A0713,237107,24,14.37,Personal,Property,264037.2940912813,2024-12-26,Rejected,0.9,2.25
L0714,A0714,880298,120,17.18,Education,Vehicle,1173113.642054713,2024-05-16,Rejected,0.75,8.3
L0715,A0715,133805,24,8.06,Auto,Property,186729.70474750444,2023-09-19,Pending,0.72,0.84
L0716,A0716,321255,120,9.73,Personal,Vehicle,273873.61701129965,2024-05-11,Rejected,1.17,1.8
L0717,A0717,628826,240,11.72,Business,Property,676671.5936690182,2025-06-30,Rejected,0.93,4.33
L0718,A0718,683266,60,5.24,Auto,Vehicle,1008976.8216326516,2025-08-15,Pending,0.68,9.66
L0719,A0719,503183,12,17.05,Education,Property,693565.6300816193,2023-12-17,Verified,0.73,2.74
L0720,A0720,781061,60,16.14,Auto,Property,1050379.8511653366,2024-06-15,Verified,0.74,31.04
L0721,A0721,566264,12,10.44,Home,Property,628065.655713586,2023-12-03,Verified,0.9,3.75
L0722,A0722,711893,36,11.07,Personal,None,612317.0984089859,2024-01-14,Verified,1.16,15.73
L0723,A0723,981461,240,16.8,Education,Vehicle,861204.4038434858,2023-12-02,Verified,1.14,33.32
L0724,A0724,273211,120,17.56,Personal,Vehicle,238255.3601823009,2024-12-08,Verified,1.15,8.6
L0725,A0725,646739,240,5.58,Business,None,747260.7145197111,2023-10-16,Rejected,0.87,9.08
L0726,A0726,411103,240,17.11,Business,None,478600.80011030624,2025-09-16,Pending,0.86,3.33
L0727,A0727,918945,12,18.06,Auto,None,772370.7802654562,2025-08-22,Rejected,1.19,31.18
L0728,A0728,117825,180,17.07,Home,Vehicle,115419.27587169074,2024-08-13,Rejected,1.02,0.66
L0729,A0729,769018,48,11.05,Education,Property,1143312.6658583393,2025-08-22,Verified,0.67,8.14
L0730,A0730,575728,48,9.49,Personal,Vehicle,611324.0713080749,2023-12-21,Rejected,0.94,4.43
L0731,A0731,775474,120,16.01,Home,Property,846545.9445184754,2024-07-03,Rejected,0.92,6.6
L0732,A0732,333818,120,5.29,Education,None,315892.41532702325,2025-01-03,Rejected,1.06,4.46
L0733,A0733,602738,180,5.32,Education,Vehicle,553952.244615073,2025-05-09,Rejected,1.09,4.08
L0734,A0734,318499,48,11.28,Home,Vehicle,304259.9828071558,2023-09-29,Rejected,1.05,7.41
L0735,A0735,411515,360,5.29,Business,Property,575077.3067626602,2025-03-05,Rejected,0.72,5.92
L0736,A0736,988516,240,9.68,Personal,Vehicle,820515.92517443,2024-05-09,Verified,1.2,5.11
L0737,A0737,960524,24,7.69,Home,Vehicle,845399.2703952761,2024-01-18,Rejected,1.14,12.22
L0738,A0738,28734,36,13.13,Personal,None,37089.70755888075,2024-11-23,Pending,0.77,0.96
L0739,A0739,562389,24,5.93,Auto,Property,796223.1895071496,2025-07-21,Pending,0.71,7.93
L0740,A0740,117269,48,19.85,Home,Vehicle,148141.96532067595,2023-10-02,Verified,0.79,0.62
L0741,A0741,481534,12,16.6,Auto,Vehicle,522763.7382768556,2023-09-22,Rejected,0.92,2.62
L0742,A0742,202269,120,18.17,Auto,Property,252933.3195279624,2024-03-15,Verified,0.8,1.11
L0743,A0743,148054,48,19.99,Business,Vehicle,170945.25249353208,2024-07-31,Rejected,0.87,1.57
L0744,A0744,359012,360,10.11,Education,Property,533513.4182937081,2024-01-05,Verified,0.67,2.97
L0745,A0745,929351,12,9.49,Auto,Vehicle,1048487.5349951368,2024-06-24,Pending,0.89,6.67
L0746,A0746,403369,48,12.56,Auto,Property,405567.1358207254,2023-11-07,Rejected,0.99,2.93
L0747,A0747,72662,120,7.09,Education,Vehicle,64628.30429157466,2025-05-19,Rejected,1.12,0.6
L0748,A0748,843500,240,6.88,Auto,Property,989771.0077953814,2024-04-05,Verified,0.85,8.15
L0749,A0749,55798,360,17.51,Personal,None,57842.13466667938,2024-12-07,Rejected,0.96,1.09
L0750,A0750,153763,120,15.06,Home,Vehicle,210549.17481594204,2024-01-07,Verified,0.73,0.91
L0751,A0751,627541,360,11.82,Auto,Property,910214.6390848452,2025-02-22,Pending,0.69,3.4
L0752,A0752,559815,120,6.29,Personal,Vehicle,780746.0049252548,2023-10-07,Rejected,0.72,14.95
L0753,A0753,176102,12,12.63,Auto,None,141209.82691463456,2025-05-22,Verified,1.25,2.26
L0754,A0754,65567,12,8.46,Education,None,65725.1130102268,2024-08-16,Rejected,1.0,1.7
L0755,A0755,804950,180,14.41,Home,Vehicle,747644.3919264041,2024-06-16,Rejected,1.08,7.64
L0756,A0756,634567,180,13.58,Auto,Property,647142.3617163079,2023-12-29,Pending,0.98,23.26
L0757,A0757,279815,240,10.2,Education,None,337164.7723365773,2025-04-19,Verified,0.83,4.14
L0758,A0758,79503,360,16.96,Business,Vehicle,66652.63527366155,2025-06-16,Pending,1.19,0.52
L0759,A0759,834278,120,13.64,Business,Vehicle,765812.8198251796,2023-10-05,Pending,1.09,8.44
L0760,A0760,142616,120,11.55,Auto,Property,124556.9751922954,2025-03-27,Pending,1.14,1.95
L0761,A0761,86419,48,19.41,Auto,Vehicle,123467.28675798612,2024-05-23,Pending,0.7,0.63
L0762,A0762,551536,240,16.43,Home,Vehicle,588631.256199841,2024-08-10,Rejected,0.94,4.17
L0763,A0763,701160,180,16.92,Home,Property,976780.0032988013,2024-05-13,Pending,0.72,11.11
L0764,A0764,461886,240,19.97,Home,None,678937.4585937537,2025-03-29,Rejected,0.68,2.62
L0765,A0765,127932,48,6.41,Personal,Vehicle,106616.57057005775,2024-12-21,Pending,1.2,0.95
L0766,A0766,526580,36,11.46,Personal,Property,666058.8777416055,2023-10-03,Verified,0.79,3.22
L0767,A0767,914990,180,6.58,Auto,Property,734387.1500263122,2024-02-14,Pending,1.25,39.47
L0768,A0768,639997,12,5.88,Auto,Property,938740.833936776,2025-07-21,Verified,0.68,4.31
L0769,A0769,463436,60,10.91,Auto,Vehicle,636347.0281890221,2023-11-12,Rejected,0.73,2.56
L0770,A0770,803306,48,6.79,Personal,Property,762349.6565518253,2025-04-10,Pending,1.05,15.57
L0771,A0771,776785,12,11.69,Business,Vehicle,862937.4125882213,2024-08-10,Pending,0.9,11.15
L0772,A0772,812308,12,13.6,Auto,Property,995930.1616770016,2024-12-10,Rejected,0.82,7.05
L0773,A0773,854344,360,15.75,Home,Property,1263191.1235483135,2024-11-14,Rejected,0.68,18.3
L0774,A0774,11320,24,10.96,Home,None,15225.13412628791,2025-04-15,Pending,0.74,0.06
L0775,A0775,294229,24,19.79,Home,Property,327047.92066641897,2024-08-05,Rejected,0.9,1.73
L0776,A0776,853236,36,19.1,Auto,None,749288.169276104,2025-09-16,Rejected,1.14,5.05
L0777,A0777,22169,360,16.89,Education,Vehicle,29824.798648531607,2024-07-27,Rejected,0.74,0.12
L0778,A0778,462981,120,8.87,Business,Property,459326.67529511626,2024-03-17,Rejected,1.01,6.59
L0779,A0779,343582,240,9.8,Personal,Property,344136.51864675723,2024-05-16,Pending,1.0,4.73
L0780,A0780,433442,120,15.83,Auto,None,622233.004550597,2025-06-21,Pending,0.7,4.61
L0781,A0781,634495,120,5.37,Personal,Property,820011.8098068726,2025-04-21,Verified,0.77,5.06
L0782,A0782,715643,120,19.26,Business,Property,1016731.9770230694,2024-05-03,Verified,0.7,3.67
L0783,A0783,431936,240,18.23,Home,Vehicle,406275.12062500976,2024-06-20,Pending,1.06,2.22
L0784,A0784,572920,180,19.83,Personal,None,854997.8910269063,2025-07-05,Pending,0.67,3.54
L0785,A0785,535846,180,16.02,Home,Vehicle,511178.15657692647,2024-07-29,Rejected,1.05,12.74
L0786,A0786,369077,180,18.3,Home,None,372402.6862103709,2024-03-29,Verified,0.99,2.64
L0787,A0787,649031,240,11.41,Home,Vehicle,586807.8497345446,2023-11-25,Verified,1.11,3.54
L0788,A0788,351438,180,10.18,Auto,None,401521.3778479302,2024-11-22,Rejected,0.88,5.47
L0789,A0789,943291,36,12.42,Business,Vehicle,1054882.4131858698,2023-10-18,Verified,0.89,21.35
L0790,A0790,603141,12,15.98,Auto,Property,628032.4664279728,2024-11-25,Pending,0.96,3.45
L0791,A0791,115832,48,11.11,Education,Vehicle,104373.00077571276,2024-10-24,Verified,1.11,1.01
L0792,A0792,415273,120,14.19,Business,Property,375410.8861468908,2024-12-30,Rejected,1.11,2.75
L0793,A0793,904828,60,5.12,Home,Vehicle,1030030.5066784696,2024-06-11,Verified,0.88,7.44
L0794,A0794,421269,12,5.67,Personal,Vehicle,521288.97489004297,2024-05-15,Rejected,0.81,9.54
L0795,A0795,569921,360,14.58,Business,Vehicle,766487.3687851507,2024-04-01,Verified,0.74,3.79
L0796,A0796,830153,180,19.25,Education,Vehicle,1212888.651523573,2024-08-27,Rejected,0.68,9.48
L0797,A0797,482646,36,19.5,Education,Property,660777.918807831,2025-02-19,Rejected,0.73,2.76
L0798,A0798,522399,48,16.12,Auto,None,458774.8946707057,2025-04-20,Verified,1.14,12.63
L0799,A0799,512137,24,11.55,Home,Property,760331.0203349736,2024-06-05,Pending,0.67,5.07
L0800,A0800,321657,24,13.63,Education,None,264075.60289244866,2024-05-10,Rejected,1.22,2.49
L0801,A0801,123893,48,8.72,Home,None,170200.1168413357,2025-01-02,Verified,0.73,2.57
L0802,A0802,284920,60,13.08,Auto,Property,272891.103078829,2025-01-01,Pending,1.04,1.92
L0803,A0803,66344,360,15.64,Personal,Vehicle,74738.8207118739,2024-12-26,Verified,0.89,0.83
L0804,A0804,84201,24,11.56,Business,Vehicle,106992.36089945496,2024-09-18,Rejected,0.79,0.42
L0805,A0805,204417,120,9.68,Home,None,239417.6245735857,2024-02-28,Pending,0.85,1.86
L0806,A0806,848361,240,15.62,Personal,Vehicle,1209724.6506110406,2024-07-07,Verified,0.7,9.74
L0807,A0807,865881,36,11.37,Home,Vehicle,936624.717928281,2024-06-30,Rejected,0.92,8.91
L0808,A0808,369730,60,13.51,Personal,Property,546733.814312983,2024-06-09,Rejected,0.68,2.11
L0809,A0809,378614,48,12.33,Home,Property,532243.8549944516,2024-04-11,Pending,0.71,2.66
L0810,A0810,647925,36,16.5,Business,Vehicle,603635.9821888491,2023-10-13,Rejected,1.07,3.33
L0811,A0811,480843,48,6.52,Business,None,557045.8930711597,2025-04-29,Rejected,0.86,2.7
L0812,A0812,641855,180,16.85,Education,Property,582365.7046200483,2025-07-12,Rejected,1.1,8.84
L0813,A0813,707944,240,9.89,Business,None,1020164.311619452,2024-07-10,Pending,0.69,7.88
L0814,A0814,943615,60,11.5,Business,Property,1051482.6933510806,2025-01-31,Pending,0.9,12.7
L0815,A0815,242129,48,5.03,Personal,None,285653.41124488943,2024-05-02,Rejected,0.85,1.74
L0816,A0816,187618,240,9.73,Personal,None,175134.093530278,2023-11-15,Pending,1.07,2.69
L0817,A0817,709127,120,10.82,Education,Vehicle,889088.947824928,2024-08-21,Pending,0.8,5.41
L0818,A0818,906129,36,12.42,Business,None,1301034.3549068037,2023-11-29,Rejected,0.7,5.64
L0819,A0819,306543,180,8.29,Home,Vehicle,453017.6863916385,2025-03-30,Pending,0.68,2.09
L0820,A0820,449748,12,11.13,Business,Property,576065.7446008824,2024-06-29,Rejected,0.78,20.86
L0821,A0821,208758,240,16.04,Home,None,293110.3261876034,2024-07-07,Rejected,0.71,1.4
L0822,A0822,40513,24,8.91,Education,Vehicle,38047.502545299954,2024-10-08,Pending,1.06,0.47
L0823,A0823,502011,60,10.5,Education,Vehicle,468365.3666875413,2025-04-02,Rejected,1.07,6.77
L0824,A0824,975516,12,9.13,Home,None,822477.082219894,2024-04-17,Pending,1.19,8.13
L0825,A0825,237921,24,10.43,Personal,Property,282815.89996271726,2025-05-26,Rejected,0.84,1.44
L0826,A0826,150105,36,15.45,Education,Vehicle,138478.5701435226,2024-08-07,Rejected,1.08,6.62
L0827,A0827,590377,240,19.94,Education,None,751933.1022194104,2023-11-01,Pending,0.79,18.93
L0828,A0828,815331,240,16.48,Home,None,941614.1405738865,2024-12-18,Pending,0.87,4.49
L0829,A0829,93624,240,14.47,Auto,Property,96776.2149252614,2023-10-14,Rejected,0.97,2.56
L0830,A0830,981118,36,7.9,Business,Vehicle,1059018.0297946904,2024-09-08,Rejected,0.93,17.66
L0831,A0831,943902,36,9.93,Business,Property,782484.6788171411,2024-09-04,Pending,1.21,8.24
L0832,A0832,107617,180,11.08,Business,None,137677.5102002874,2024-11-08,Rejected,0.78,0.75
L0833,A0833,655352,240,10.56,Business,None,587342.539031999,2025-06-30,Verified,1.12,4.15
L0834,A0834,135932,120,15.0,Personal,None,115267.95221325786,2025-06-16,Verified,1.18,1.01
L0835,A0835,967468,60,11.13,Auto,Vehicle,1335440.47074984,2024-08-29,Pending,0.72,15.54
L0836,A0836,892129,180,14.96,Auto,None,861823.6190120305,2025-03-25,Verified,1.04,4.67
L0837,A0837,543847,240,16.29,Business,Vehicle,753175.1551983067,2025-02-18,Pending,0.72,3.51
L0838,A0838,329269,60,7.93,Personal,Vehicle,407912.3550239412,2023-11-23,Pending,0.81,2.22
L0839,A0839,924455,60,16.81,Education,None,913659.465819104,2023-11-10,Verified,1.01,12.2
L0840,A0840,117274,24,11.78,Auto,Vehicle,102066.37664258384,2024-09-17,Pending,1.15,5.39
L0841,A0841,186306,360,15.71,Education,Property,171794.38834598425,2024-10-19,Rejected,1.08,1.57
L0842,A0842,392559,60,10.88,Education,Property,514372.0936032645,2025-01-17,Pending,0.76,2.22
L0843,A0843,837047,24,8.45,Education,Property,819611.385333326,2024-02-24,Pending,1.02,20.18
L0844,A0844,512495,360,10.79,Personal,Vehicle,627482.1206830463,2024-06-03,Verified,0.82,5.53
L0845,A0845,205685,360,12.5,Business,None,181027.30248348444,2024-10-13,Verified,1.14,5.63
L0846,A0846,297165,360,16.13,Education,None,352071.5005303641,2024-03-11,Verified,0.84,1.63
L0847,A0847,863721,24,17.1,Personal,None,1226005.7175920403,2023-12-21,Rejected,0.7,7.21
L0848,A0848,178669,120,9.79,Home,Property,220319.56407954512,2025-04-27,Rejected,0.81,1.78
L0849,A0849,191332,48,18.31,Personal,None,234604.02297796437,2024-07-19,Pending,0.82,1.16
L0850,A0850,248996,180,19.5,Home,None,278003.83869812393,2024-01-11,Rejected,0.9,1.68
L0851,A0851,188811,48,5.51,Auto,None,229651.30344046812,2024-01-28,Rejected,0.82,1.02
L0852,A0852,194601,360,17.18,Personal,Vehicle,264617.08888117614,2025-01-06,Rejected,0.74,1.1
L0853,A0853,740196,48,11.25,Business,Vehicle,630677.172244335,2023-11-28,Verified,1.17,12.98
L0854,A0854,949385,24,11.57,Education,Vehicle,1040542.965755898,2023-11-17,Verified,0.91,5.15
L0855,A0855,890745,240,13.2,Auto,Vehicle,941177.0075633466,2025-08-12,Verified,0.95,5.44
L0856,A0856,696344,120,7.64,Education,Vehicle,969529.1579366917,2025-03-31,Verified,0.72,9.51
L0857,A0857,979504,24,19.93,Personal,None,1356152.7732799184,2025-01-14,Rejected,0.72,7.41
L0858,A0858,594430,36,19.27,Auto,Property,531871.1184072878,2024-02-09,Rejected,1.12,6.99
L0859,A0859,993073,12,6.14,Personal,Vehicle,808292.0745519287,2024-06-26,Verified,1.23,5.15
L0860,A0860,62307,240,11.34,Business,None,51099.23402604542,2023-12-02,Verified,1.22,0.6
L0861,A0861,219224,48,7.81,Auto,None,312662.7761363335,2024-10-20,Verified,0.7,1.49
L0862,A0862,210559,36,6.69,Home,Vehicle,307070.8900979409,2025-04-04,Rejected,0.69,9.39
L0863,A0863,140013,360,12.99,Business,Vehicle,198986.01958191989,2025-01-22,Verified,0.7,5.08
L0864,A0864,990412,360,6.95,Auto,None,1313960.250584949,2025-02-26,Pending,0.75,10.53
L0865,A0865,5256,48,5.79,Personal,Vehicle,4899.2018074798125,2023-10-10,Pending,1.07,0.2
L0866,A0866,875288,60,11.61,Home,Property,1193838.0498214306,2025-07-31,Rejected,0.73,16.91
L0867,A0867,183523,36,10.73,Education,Vehicle,261052.49458529576,2024-11-29,Pending,0.7,6.29
L0868,A0868,756063,12,11.91,Personal,Vehicle,615643.6817461858,2023-12-14,Pending,1.23,15.81
L0869,A0869,665788,48,5.32,Education,None,790353.3299166211,2024-10-06,Verified,0.84,4.7
L0870,A0870,314598,240,5.38,Auto,Vehicle,274135.91132604046,2025-05-19,Pending,1.15,2.77
L0871,A0871,790045,36,13.74,Auto,None,1034573.5710510472,2025-04-25,Verified,0.76,4.73
L0872,A0872,122406,180,11.25,Education,Vehicle,133212.2951494519,2025-09-08,Pending,0.92,2.33
L0873,A0873,146081,48,15.09,Education,Vehicle,138437.27720063267,2024-09-25,Verified,1.06,1.13
L0874,A0874,467809,48,15.96,Home,None,509643.0221767456,2025-09-05,Verified,0.92,21.13
L0875,A0875,87824,120,18.45,Home,None,85912.89361340406,2024-01-05,Verified,1.02,0.59
L0876,A0876,573669,360,5.54,Home,None,566124.959761654,2024-05-01,Rejected,1.01,4.31
L0877,A0877,100703,24,8.04,Education,Vehicle,103301.58840378594,2025-07-20,Pending,0.97,0.97
L0878,A0878,491867,120,11.84,Personal,None,651106.3019422258,2024-04-02,Verified,0.76,8.98
L0879,A0879,399619,48,13.9,Personal,Property,412136.41293461993,2024-03-11,Rejected,0.97,2.83
L0880,A0880,444997,24,11.08,Home,Property,443341.66899296857,2025-07-10,Pending,1.0,3.03
L0881,A0881,77580,180,18.41,Personal,Vehicle,65558.26658529675,2024-09-01,Pending,1.18,0.68
L0882,A0882,772586,240,9.32,Personal,None,744387.9534880287,2025-02-20,Pending,1.04,4.39
L0883,A0883,913339,24,19.86,Education,Vehicle,1278334.039708334,2024-03-08,Pending,0.71,14.99
L0884,A0884,494996,240,5.97,Personal,Property,670590.5712326389,2024-08-25,Pending,0.74,4.39
L0885,A0885,342391,120,6.0,Auto,Vehicle,306641.9970422793,2023-12-01,Verified,1.12,1.81
L0886,A0886,259910,60,18.58,Education,Property,340284.4192279701,2025-06-20,Pending,0.76,1.66
L0887,A0887,388264,240,13.13,Home,Vehicle,496143.29689505504,2024-07-08,Verified,0.78,3.62
L0888,A0888,324197,180,11.56,Auto,None,313219.8541442181,2024-10-09,Rejected,1.04,1.88
L0889,A0889,194941,60,15.85,Business,Vehicle,240596.64243499204,2025-06-12,Pending,0.81,6.16
L0890,A0890,950566,12,6.72,Auto,Vehicle,779123.6548395625,2025-01-23,Rejected,1.22,5.13
L0891,A0891,812941,48,18.18,Auto,Property,851082.4992105513,2025-05-12,Rejected,0.96,4.11
L0892,A0892,709115,240,18.02,Personal,None,806251.1988283162,2025-07-29,Pending,0.88,5.94
L0893,A0893,604575,36,6.66,Business,Property,769881.0806094576,2025-07-04,Pending,0.79,4.17
L0894,A0894,720710,60,19.97,Home,Property,926950.0857035284,2024-09-15,Pending,0.78,5.4
L0895,A0895,6968,48,9.89,Business,Vehicle,7899.757743853896,2024-01-17,Pending,0.88,0.06
L0896,A0896,209167,24,7.65,Auto,None,307049.5431550503,2025-06-25,Pending,0.68,1.08
L0897,A0897,889426,60,12.37,Personal,Property,1046011.6732975292,2025-03-07,Pending,0.85,7.75
L0898,A0898,344430,36,6.94,Home,None,407105.5002715922,2024-02-04,Pending,0.85,1.97
L0899,A0899,453756,360,14.61,Home,None,368673.8563911098,2024-07-28,Verified,1.23,6.08
L0900,A0900,891935,12,7.46,Home,Property,788560.3679495639,2024-03-26,Pending,1.13,30.13
L0901,A0901,585999,120,12.87,Personal,Property,750400.1124394031,2025-04-03,Rejected,0.78,3.59
L0902,A0902,223135,48,19.77,Personal,None,178598.15392730726,2024-10-02,Verified,1.25,1.65
L0903,A0903,658313,240,9.71,Personal,None,935287.5722519528,2024-10-29,Rejected,0.7,11.73
L0904,A0904,43886,36,18.88,Education,None,56707.35174413721,2024-12-06,Verified,0.77,0.23
L0905,A0905,218965,48,10.19,Personal,Vehicle,184405.70898443044,2025-04-16,Verified,1.19,3.27
L0906,A0906,306652,36,17.85,Business,Vehicle,250642.8995066429,2025-06-05,Verified,1.22,6.5
L0907,A0907,810918,240,7.16,Home,None,976454.5757471314,2024-05-02,Pending,0.83,22.91
L0908,A0908,324690,48,14.09,Home,Vehicle,467561.4020569726,2024-03-10,Verified,0.69,2.88
L0909,A0909,394975,180,5.75,Personal,Vehicle,509953.4150454236,2024-11-30,Rejected,0.77,13.43
L0910,A0910,379162,360,14.04,Business,None,525525.9347741328,2025-01-22,Verified,0.72,4.9
L0911,A0911,195125,120,10.64,Education,Property,246445.3418971773,2024-05-28,Rejected,0.79,3.37
L0912,A0912,305143,12,5.85,Personal,None,392028.9709845028,2024-08-24,Verified,0.78,2.34
L0913,A0913,205447,24,17.15,Personal,Vehicle,177962.3361628203,2025-04-04,Verified,1.15,1.63
L0914,A0914,646777,24,5.47,Business,None,828043.2466756608,2024-03-22,Rejected,0.78,3.82
L0915,A0915,679529,120,16.6,Home,Vehicle,753801.4421496227,2025-01-19,Verified,0.9,5.12
L0916,A0916,949989,12,13.58,Business,Vehicle,1323449.606798613,2024-12-16,Pending,0.72,6.65
L0917,A0917,742038,180,11.83,Personal,Property,1110539.316589842,2023-12-01,Pending,0.67,4.45
L0918,A0918,795813,48,11.5,Business,Property,692958.3702076569,2025-03-31,Rejected,1.15,7.51
L0919,A0919,971535,12,5.03,Education,Vehicle,784096.1245670045,2024-03-16,Rejected,1.24,6.39
L0920,A0920,30116,60,7.99,Personal,None,44383.71654576252,2023-10-22,Pending,0.68,0.25
L0921,A0921,444069,360,19.71,Auto,Vehicle,444943.2793043148,2024-02-05,Rejected,1.0,7.98
L0922,A0922,832354,360,8.81,Education,Vehicle,1008952.6623613724,2025-03-19,Rejected,0.82,5.0
L0923,A0923,417589,120,10.62,Auto,Vehicle,535593.9056505916,2024-06-02,Rejected,0.78,8.0
L0924,A0924,321848,240,8.04,Education,Vehicle,383431.849204421,2024-01-02,Verified,0.84,4.82
L0925,A0925,226376,48,6.89,Home,None,237291.5040041295,2023-12-26,Verified,0.95,2.44
L0926,A0926,65957,120,18.32,Personal,Vehicle,94231.67621404244,2024-12-14,Pending,0.7,0.86
L0927,A0927,469960,240,17.14,Education,Vehicle,550464.1749699763,2025-07-24,Verified,0.85,5.05
L0928,A0928,39018,240,14.98,Home,None,45500.25716793146,2024-07-15,Verified,0.86,0.29
L0929,A0929,690982,180,17.94,Education,Property,578173.7535878901,2025-03-03,Verified,1.2,16.58
L0930,A0930,350028,240,10.78,Personal,None,346457.2770308148,2024-11-05,Verified,1.01,10.35
L0931,A0931,183565,24,18.57,Home,Property,234096.9695286613,2024-09-25,Pending,0.78,0.95
L0932,A0932,720572,360,14.47,Home,Property,1073855.930919315,2023-10-03,Verified,0.67,12.22
L0933,A0933,270035,36,9.24,Auto,None,283509.9805872003,2025-07-10,Pending,0.95,4.2
L0934,A0934,766968,12,17.67,Home,Property,765868.6191992671,2024-02-23,Verified,1.0,20.46
L0935,A0935,314645,360,9.85,Business,Vehicle,280146.86087396933,2024-11-15,Rejected,1.12,3.93
L0936,A0936,730740,24,8.72,Home,None,748063.992500964,2025-03-05,Verified,0.98,9.32
L0937,A0937,488837,12,18.95,Education,Vehicle,720913.0944074783,2024-04-21,Verified,0.68,10.02
L0938,A0938,618217,120,7.53,Education,None,706457.6502048274,2024-08-14,Pending,0.88,10.79
L0939,A0939,733648,48,6.43,Home,Vehicle,915170.5488665416,2024-10-08,Verified,0.8,21.42
L0940,A0940,312874,48,18.95,Personal,Vehicle,297570.03056228947,2023-12-16,Pending,1.05,3.12
L0941,A0941,361539,12,6.25,Home,None,340925.76091276784,2024-10-28,Pending,1.06,5.28
L0942,A0942,632923,60,18.11,Education,Property,513187.5550838313,2024-07-23,Verified,1.23,5.01
L0943,A0943,760929,120,9.67,Personal,Vehicle,1058212.922680729,2024-11-18,Verified,0.72,20.33
L0944,A0944,465275,12,15.15,Auto,Vehicle,652397.6222093909,2025-03-07,Verified,0.71,15.97
L0945,A0945,342437,12,12.28,Business,None,417581.4607084701,2025-01-07,Rejected,0.82,7.64
L0946,A0946,501359,360,11.94,Education,Property,666373.273219417,2025-01-08,Verified,0.75,14.34
L0947,A0947,696173,240,14.27,Education,None,892179.4889244831,2024-01-18,Pending,0.78,7.69
L0948,A0948,297049,60,17.43,Home,Property,363456.05609996605,2024-12-27,Verified,0.82,2.69
L0949,A0949,933927,12,6.4,Home,None,942469.9870496248,2025-04-04,Verified,0.99,10.36
L0950,A0950,41164,360,9.25,Education,Property,38351.86695531288,2025-04-12,Pending,1.07,0.36
L0951,A0951,324993,12,12.74,Education,None,410570.8693072441,2024-05-30,Rejected,0.79,2.95
L0952,A0952,433501,240,6.45,Personal,Property,543891.1012162432,2024-07-23,Verified,0.8,4.72
L0953,A0953,267444,120,17.4,Education,None,381481.1865858124,2025-06-19,Pending,0.7,1.41
L0954,A0954,615237,12,15.0,Home,None,774786.193628242,2024-05-27,Verified,0.79,22.8
L0955,A0955,780204,12,7.52,Education,None,967156.027923896,2024-07-10,Pending,0.81,3.98
L0956,A0956,866295,120,9.6,Education,Vehicle,773680.5227959475,2024-03-17,Rejected,1.12,9.66
L0957,A0957,640155,180,15.7,Business,Vehicle,653414.1334090515,2024-07-27,Pending,0.98,13.82
L0958,A0958,626153,48,16.59,Education,Vehicle,715735.710644472,2025-09-12,Pending,0.87,10.6
L0959,A0959,869775,48,16.79,Auto,None,1292144.5247222343,2025-08-30,Rejected,0.67,8.9
L0960,A0960,576699,24,12.07,Home,Property,647306.401633999,2024-11-14,Pending,0.89,4.49
L0961,A0961,741251,120,5.98,Home,Vehicle,909317.5218301852,2023-10-01,Verified,0.82,4.43
L0962,A0962,910175,36,18.33,Personal,Vehicle,1281118.4407644975,2024-12-18,Rejected,0.71,8.6
L0963,A0963,198880,180,18.17,Home,None,161955.90204065098,2024-01-08,Verified,1.23,2.26
L0964,A0964,300942,120,10.77,Business,None,267502.20701291226,2025-02-18,Verified,1.13,1.85
L0965,A0965,485673,60,12.33,Home,Property,512131.01683942514,2025-02-12,Verified,0.95,10.3
L0966,A0966,534170,120,6.19,Home,Property,520466.93494399457,2024-03-05,Verified,1.03,3.13
L0967,A0967,20509,240,6.16,Business,Vehicle,24753.68307455386,2024-09-22,Pending,0.83,0.19
L0968,A0968,949509,12,10.37,Education,None,1025285.7809935936,2024-11-11,Pending,0.93,7.15
L0969,A0969,441398,24,18.6,Auto,Vehicle,397432.7112070697,2023-11-13,Rejected,1.11,2.47
L0970,A0970,880889,60,16.79,Business,Vehicle,1266278.5283470105,2024-06-25,Pending,0.7,10.21
L0971,A0971,106723,12,14.49,Education,Vehicle,129004.03710107152,2025-07-11,Pending,0.83,0.55
L0972,A0972,210661,12,11.51,Education,Vehicle,265622.80630238925,2024-05-06,Rejected,0.79,3.44
L0973,A0973,952619,12,9.04,Business,Property,1390862.8115931726,2023-11-04,Verified,0.68,6.1
L0974,A0974,539949,12,15.67,Business,Vehicle,523314.3396974,2023-11-02,Verified,1.03,3.67
L0975,A0975,861437,12,5.41,Education,Property,1250683.0698294193,2024-07-16,Pending,0.69,8.37
L0976,A0976,414688,48,6.16,Education,None,396085.14351792674,2023-12-17,Verified,1.05,2.52
L0977,A0977,882734,240,17.66,Education,None,1001313.0119349308,2024-12-23,Verified,0.88,4.92
L0978,A0978,927594,60,14.23,Home,None,1221511.1116834546,2023-11-02,Rejected,0.76,8.48
L0979,A0979,939107,60,11.74,Auto,Property,1406267.8752436943,2024-05-10,Rejected,0.67,5.49
L0980,A0980,171279,36,5.54,Home,Property,184906.5266418216,2025-05-02,Rejected,0.93,4.61
L0981,A0981,612695,360,9.44,Education,Property,843967.4724235473,2024-01-29,Rejected,0.73,10.89
L0982,A0982,523771,12,16.11,Personal,Vehicle,495361.5685401367,2025-03-18,Rejected,1.06,5.57
L0983,A0983,653765,240,8.14,Business,Property,975296.3536717088,2024-09-03,Rejected,0.67,21.15
L0984,A0984,707482,12,8.42,Education,None,737224.9617836333,2025-02-19,Pending,0.96,5.73
L0985,A0985,790716,180,5.67,Home,Property,648443.4851428036,2024-05-05,Rejected,1.22,9.09
L0986,A0986,495398,120,9.92,Business,None,736584.0576723563,2024-10-05,Rejected,0.67,11.82
L0987,A0987,220089,60,8.97,Business,Vehicle,230298.62964042788,2025-02-12,Pending,0.96,2.82
L0988,A0988,588039,48,14.6,Education,None,850779.9993228143,2024-01-08,Rejected,0.69,3.62
L0989,A0989,967782,240,19.15,Education,Property,1295531.4401718248,2024-12-25,Rejected,0.75,8.52
L0990,A0990,278592,24,7.82,Education,Property,309836.9096902072,2025-01-03,Verified,0.9,2.5
L0991,A0991,894685,24,12.96,Business,None,1237196.473609093,2024-02-09,Verified,0.72,8.2
L0992,A0992,295311,48,9.58,Personal,None,410001.8664844668,2023-11-24,Rejected,0.72,1.55
L0993,A0993,722527,48,7.1,Auto,Property,903766.013345352,2024-06-01,Verified,0.8,7.64
L0994,A0994,553756,360,9.04,Education,Vehicle,568155.3781012414,2024-02-05,Verified,0.97,3.71
L0995,A0995,785652,120,15.75,Personal,Vehicle,1082632.3742132816,2024-08-19,Pending,0.73,4.2
L0996,A0996,512336,180,8.91,Home,Vehicle,702171.5263918276,2025-07-18,Pending,0.73,2.64
L0997,A0997,353524,60,13.88,Business,None,437892.8677052529,2024-04-17,Rejected,0.81,3.66
L0998,A0998,865138,180,16.12,Business,Vehicle,699071.3741358175,2024-08-07,Pending,1.24,5.45
L0999,A0999,335010,36,9.48,Personal,None,334866.82170934154,2023-10-25,Pending,1.0,2.0
L1000,A1000,166576,360,14.01,Auto,Vehicle,216911.7823299908,2024-10-30,Rejected,0.77,5.36
